Trade Date,ISIN,Last Trade Price (in Rs.),Last Trade Value (Rs. in lacs),Total Trade Value (Rs. in lacs),Last Trade Yield (YTM) (Annualized) (%),Weighted Average Price  (Rs.),Weighted Average Yield (YTM) (%)
02-Jul-2026,INE020B08FJ3 ,58.4334,3500.00,26100.00,6.6500,57.8692,6.7731
02-Jul-2026,INE020B08EK4 ,100.6300,5000.00,47500.00,7.0988,100.6289,7.0995
02-Jul-2026,INE261F08EP4 ,98.9394,500.00,500.00,7.1500,98.9394,7.1500
02-Jul-2026,INE0NES07329 ,98.7651,0.10,689.60,14.0000,98.9496,13.8047
02-Jul-2026,INE039A09PP9 ,103.8097,90.00,90.00,9.3200,103.8097,9.3200
02-Jul-2026,INE1VXE07023 ,98.4342,1.00,125.00,11.7500,98.3362,11.9980
02-Jul-2026,INE916Y07057 ,100.0518,0.30,5.50,12.6500,100.0518,12.6500
02-Jul-2026,INE752E08775 ,99.4751,2498.00,5000.00,7.1900,99.4751,7.1900
02-Jul-2026,INE884Q07855 ,98.3637,2.00,425.00,12.2500,97.6872,12.6899
02-Jul-2026,INE121A07SH0 ,100.6826,3500.00,14000.00,7.7411,100.6726,7.7500
02-Jul-2026,INE756I07FB6 ,100.4245,1000.00,3500.00,7.6000,100.4245,7.6000
02-Jul-2026,INE413U07210 ,99.9600,19.00,66.00,10.0000,99.9600,10.0014
02-Jul-2026,INE498L07210 ,101.1318,1000.00,1000.00,7.6800,101.1318,7.6800
02-Jul-2026,INE926R07035 ,98.9678,0.10,283.60,14.5000,96.0674,16.3854
02-Jul-2026,INE090W07709 ,51.0487,1.68,31.25,8.2500,51.0487,8.2500
02-Jul-2026,INE08XP07498 ,98.8137,1.00,690.70,13.7500,97.2331,15.2219
02-Jul-2026,INE556F08LF3 ,100.9452,2500.00,100000.00,7.1600,100.9687,7.1541
02-Jul-2026,INE04VS07438 ,99.5725,6.00,85.00,10.0411,99.6548,9.9511
02-Jul-2026,INE501X07588 ,100.0222,9.00,18.00,10.9608,99.9972,11.0304
02-Jul-2026,INE125T07337 ,99.7893,7.50,15.00,12.1714,99.7643,12.2107
02-Jul-2026,INE916DA7TK3 ,101.0508,500.00,500.00,7.7200,101.0508,7.7200
02-Jul-2026,INE312X08034 ,100.1000,500.00,500.00,9.6069,100.1000,9.6069
02-Jul-2026,INE583D07661 ,99.0508,0.10,186.50,11.0000,99.0556,11.0276
02-Jul-2026,INE0KUG08142 ,100.3481,20000.00,45000.00,7.2350,100.3012,7.2527
02-Jul-2026,INE08E807142 ,99.0587,1.00,1.00,11.7500,99.0587,11.7500
02-Jul-2026,INE752E08767 ,99.2457,2500.00,7500.00,7.1900,99.2457,7.1900
02-Jul-2026,INE511C07953 ,98.6789,2500.00,2502.00,8.2500,98.6803,8.2496
02-Jul-2026,INE377Y07508 ,101.4378,5000.00,5000.00,7.6400,101.4378,7.6400
02-Jul-2026,INE03K307124 ,99.3716,0.10,100.50,11.7500,98.9565,11.9822
02-Jul-2026,INE0JYY07026 ,98.5875,2.00,50.00,11.0000,99.1398,11.0700
02-Jul-2026,INE545L07044 ,98.5326,2.00,10.00,13.2500,98.3193,13.3750
02-Jul-2026,INE2T2Q07188 ,100.4731,25.00,279.00,8.6000,101.2452,8.3376
02-Jul-2026,INE040A08914 ,101.7729,10.00,10.00,7.6000,101.7729,7.6000
02-Jul-2026,INE0M2307396 ,102.3842,5.00,125.00,9.0500,102.4051,9.0466
02-Jul-2026,INE0M2307339 ,101.1307,140.00,445.00,9.1000,101.2340,9.0666
02-Jul-2026,INE12VA07AH2 ,98.5269,40.00,60.00,16.2500,98.5269,16.2500
02-Jul-2026,INE03K307165 ,99.3654,0.40,23.80,11.7000,98.6406,12.2332
02-Jul-2026,INE423A07526 ,100.0000,100.00,120.00,8.8682,100.0000,8.8682
02-Jul-2026,INE261F14PQ6 ,98.8837,15000.00,20000.00,6.1500,98.8800,6.1475
02-Jul-2026,INE261F08EI9 ,100.5373,2500.00,13000.00,7.1900,100.5621,7.1750
02-Jul-2026,INE0BBH07075 ,100.0000,2500.00,5000.00,8.7637,100.0000,8.7637
02-Jul-2026,INE530B08201 ,100.2800,2000.00,5000.00,9.8313,99.9620,9.8845
02-Jul-2026,INE020B08FW6 ,99.1929,2500.00,2500.00,7.0400,99.1929,7.0400
02-Jul-2026,INE296A07TN6 ,98.9730,10000.00,12500.00,7.5500,98.8682,7.6032
02-Jul-2026,INE296A07TJ4 ,99.6853,10000.00,22500.00,7.5400,99.7051,7.5289
02-Jul-2026,INE0BUS07CN4 ,98.3380,0.50,5.80,11.3500,98.2899,11.3836
02-Jul-2026,INE261F08EJ7 ,101.1834,5000.00,5000.00,7.2100,101.1834,7.2100
02-Jul-2026,INE028A08307 ,102.2480,2.00,2500.00,7.2600,102.2480,7.2600
02-Jul-2026,INE814H07216 ,99.8702,50.00,60.00,8.7000,100.0812,8.6408
02-Jul-2026,INE583D07521 ,100.7780,0.10,345.11,8.0000,100.7483,8.1094
02-Jul-2026,INE423A07435 ,91.0227,0.25,6.36,9.0500,100.5204,8.5346
02-Jul-2026,INE530B08227 ,99.3763,3000.00,3000.00,9.7843,99.3763,9.7843
02-Jul-2026,INE08KJ07191 ,100.0203,0.10,200.00,11.0000,99.8542,11.1740
02-Jul-2026,INE12VA07983 ,99.9180,10.00,10.00,16.2500,99.9180,16.2500
02-Jul-2026,INE685A07173 ,100.4699,1000.00,2000.00,7.6500,100.4699,7.6500
02-Jul-2026,INE549K07GX3 ,99.0364,0.01,20.75,10.0000,99.1862,9.9100
02-Jul-2026,INE109C07139 ,100.1179,4.80,60.10,11.7500,101.2239,11.6781
02-Jul-2026,INE939X07226 ,100.7448,0.30,13.20,11.0000,100.4126,11.3794
02-Jul-2026,INE2W9A15011 ,100.0000,0.20,95.20,11.5000,99.8187,11.7177
02-Jul-2026,INE413U07459 ,98.7730,0.10,136.20,10.5000,98.5669,10.6527
02-Jul-2026,INE342T07544 ,100.3695,0.50,794.30,11.0000,100.4007,10.9755
02-Jul-2026,INE020B08FC8 ,100.1504,1000.00,1000.00,6.3500,100.1504,6.3500
02-Jul-2026,INE342T07684 ,99.6736,0.30,648.90,11.0000,99.3762,11.1899
02-Jul-2026,INE2V4Q15027 ,98.2325,0.20,50.94,10.9000,98.2487,10.9750
02-Jul-2026,INE861G08076 ,97.9568,2500.00,2500.00,7.2000,97.9568,7.2000
02-Jul-2026,INE08E807167 ,100.1463,1.00,757.00,10.2500,98.8737,11.2276
02-Jul-2026,INE07HK07841 ,100.4442,1.00,149.00,10.0000,100.1904,10.4894
02-Jul-2026,INE101Q07CA7 ,97.9680,0.10,287.00,10.7500,97.5510,10.9697
02-Jul-2026,INE0JZO07040 ,100.8635,1.00,1025.00,13.2000,100.3691,13.5410
02-Jul-2026,INE180C07304 ,100.3580,0.20,1028.56,9.0000,98.8041,9.6804
02-Jul-2026,INE0CYK07020 ,100.9705,0.10,15.70,11.5000,100.8309,11.6693
02-Jul-2026,INE0MYJ07179 ,100.2733,1.00,108.10,11.2500,99.9910,11.5824
02-Jul-2026,INE413U07426 ,99.0208,0.10,272.70,11.0000,99.3420,10.6468
02-Jul-2026,INE530B07658 ,99.5633,0.01,37.86,9.0000,99.9243,8.7501
02-Jul-2026,INE906B07IH3 ,97.0137,40.00,40.00,7.3600,97.0137,7.3600
02-Jul-2026,INE14H407116 ,100.4160,0.20,242.30,11.2500,99.2667,12.1013
02-Jul-2026,INE101Q07BU7 ,98.9010,1.00,162.30,10.5000,98.4028,10.8884
02-Jul-2026,INE634S07033 ,100.7050,2500.00,2500.00,7.5500,100.7050,7.5500
02-Jul-2026,INE01XO07058 ,101.6809,0.50,51.40,11.2500,101.2403,11.5651
02-Jul-2026,INE964R07069 ,80.6089,0.20,105.60,13.2500,79.8076,15.7067
02-Jul-2026,INE115A07QV7 ,100.8842,1000.00,2000.00,7.4500,100.8692,7.4525
02-Jul-2026,INE0LN107089 ,100.2179,0.10,419.10,11.6000,99.7975,11.8646
02-Jul-2026,INE0BUS08047 ,98.7059,1.00,6.00,13.3000,98.1177,13.4603
02-Jul-2026,INE229U07186 ,100.4921,0.20,203.80,11.0000,99.9487,11.3852
02-Jul-2026,INE884Q07863 ,100.4536,0.20,38.50,11.3500,100.2831,11.5105
02-Jul-2026,INE071G14HS0 ,99.8755,10000.00,10000.00,6.5000,99.8755,6.5000
02-Jul-2026,INE357L07457 ,100.1670,1000.00,1000.00,7.5400,100.1670,7.5400
02-Jul-2026,INE556F08KZ3 ,98.8412,10000.00,25000.00,7.2250,98.8412,7.2250
02-Jul-2026,INE572J07810 ,100.0758,0.30,752.80,11.7500,99.8705,11.9808
02-Jul-2026,INE0NES07147 ,99.3343,0.40,30.40,13.5000,99.1765,13.8579
02-Jul-2026,INE0I5X07034 ,99.4893,5.00,96.00,15.3000,98.9706,16.0346
02-Jul-2026,INE342T07726 ,100.6960,0.10,514.40,11.0000,100.0035,11.2845
02-Jul-2026,INE261F14PS2 ,98.8508,10000.00,10000.00,6.1500,98.8508,6.1500
02-Jul-2026,INE403Q07FE2 ,100.9971,0.10,701.10,8.2500,100.1892,10.0443
02-Jul-2026,INE572J07794 ,101.8295,1.00,233.00,12.0000,100.6865,12.6127
02-Jul-2026,INE020B08DV3 ,98.5091,2500.00,2500.00,7.2300,98.5091,7.2300
02-Jul-2026,INE07HK07809 ,100.2330,1.00,13.00,10.0000,99.8350,12.0985
02-Jul-2026,INE831R07557 ,100.3559,7500.00,10000.00,7.4500,100.3559,7.4500
02-Jul-2026,INE583D07620 ,99.8105,0.50,16.60,10.2500,99.7969,10.2734
02-Jul-2026,INE498L07137 ,99.7728,5000.00,5000.00,7.4500,99.7728,7.4500
02-Jul-2026,INE03K307074 ,100.0138,0.75,0.75,11.5000,100.0138,11.5000
02-Jul-2026,INE831R07425 ,100.5301,5000.00,5000.00,7.1500,100.5301,7.1500
02-Jul-2026,INE05F407DN7 ,99.5904,0.01,3.65,10.7500,99.5937,10.7427
02-Jul-2026,INE101Q07BQ5 ,99.3256,1.00,18.80,10.2500,99.0682,10.4796
02-Jul-2026,INE115A07QO2 ,100.4045,2500.00,2500.00,7.2500,100.4045,7.2500
02-Jul-2026,INE0M2307388 ,101.5510,40.00,280.00,9.0500,101.6029,9.0375
02-Jul-2026,INE831R07474 ,100.3392,5000.00,5000.00,7.0500,100.3392,7.0500
02-Jul-2026,INE583D07588 ,100.5539,0.01,7.75,10.2500,100.5496,10.2539
02-Jul-2026,INE261F08EU4 ,100.7069,2500.00,48350.00,7.1700,100.6874,7.1780
02-Jul-2026,INE342T07635 ,100.3175,0.50,86.10,10.5000,99.7391,11.0487
02-Jul-2026,INE884Q07822 ,99.7056,2.00,1000.00,12.7000,99.7144,12.6918
02-Jul-2026,INE0A3007073 ,98.9927,0.20,411.00,11.8000,98.9920,11.8000
02-Jul-2026,INE734I07107 ,99.6651,0.10,695.50,12.0000,99.8513,11.8907
02-Jul-2026,INE0BUS07CM6 ,98.8574,2.50,64.00,11.2000,98.8565,11.1998
02-Jul-2026,INE342T07619 ,100.6249,3.00,45.00,9.5000,100.4241,9.8278
02-Jul-2026,INE261F08EQ2 ,99.1799,10000.00,50000.00,7.1800,99.1799,7.1800
02-Jul-2026,INE093JA7U99 ,244.0730,5.00,44.00,7.5000,243.7463,7.5000
02-Jul-2026,INE093JA7U24 ,244.5200,8.00,8.00,7.5000,244.5200,7.5000
02-Jul-2026,INE093JA7W71 ,243.2460,2.00,96.00,7.5000,242.6340,7.5000
02-Jul-2026,INE093JA76A0 ,241.3480,5.00,101.00,7.5000,240.8158,7.5000
02-Jul-2026,INE939X07259 ,100.2546,0.10,53.90,11.0000,99.9457,11.2203
02-Jul-2026,INE140R08080 ,100.8601,1.00,1.00,7.2500,100.8601,7.2500
02-Jul-2026,INE501X07729 ,100.2888,1.00,95.00,10.2500,100.0262,10.5065
02-Jul-2026,INE556F08KM1 ,100.4866,7500.00,85000.00,7.1800,100.4888,7.1926
02-Jul-2026,INE109C07121 ,101.3141,0.10,12.20,10.7500,100.8956,11.0955
02-Jul-2026,INE0D4Z07011 ,100.0137,0.10,8.20,11.0000,99.8397,11.2829
02-Jul-2026,INE07HK07866 ,100.2928,2.00,34.00,10.7500,100.1907,10.8447
02-Jul-2026,INE06WU07072 ,100.0157,0.55,36.76,11.0000,99.7851,11.2006
02-Jul-2026,INE403Q07HB4 ,96.2432,300.00,379.54,11.3000,96.3792,11.2388
02-Jul-2026,INE556F08KK5 ,100.4628,10500.00,10500.00,7.1800,100.4628,7.1800
02-Jul-2026,INE423A07484 ,100.0506,0.02,12.62,8.5000,100.1151,8.4595
02-Jul-2026,INE180C07288 ,99.9232,0.01,15.42,9.0000,99.9232,9.0000
02-Jul-2026,INE03K307157 ,99.4642,0.90,1161.70,11.7500,99.9340,11.3624
02-Jul-2026,INE07HK07825 ,100.3701,2.00,42.00,10.7500,100.4224,10.6905
02-Jul-2026,INE718F07049 ,99.8035,0.50,538.60,11.5500,99.9807,11.4585
02-Jul-2026,INE342T07601 ,100.4935,0.20,66.20,11.0000,100.3731,11.0693
02-Jul-2026,INE389Z07070 ,99.9996,5.00,13.00,10.2000,99.8296,10.3538
02-Jul-2026,INE532F07JM6 ,97.7628,0.50,18.89,10.1000,98.0226,10.1238
02-Jul-2026,INE296Q07159 ,99.2335,0.20,3.30,11.4000,98.8682,11.7424
02-Jul-2026,INE583D07612 ,100.2209,0.20,70.20,10.0000,100.1747,10.0406
02-Jul-2026,INE836B07915 ,99.3020,1.00,52.80,11.0000,99.2409,11.0455
02-Jul-2026,INE101Q07BY9 ,98.5475,0.40,33.50,10.7000,97.9365,11.0343
02-Jul-2026,IN0020010081 ,100.7726,0.01,1.05,6.0000,100.7725,5.9983
02-Jul-2026,INE296A07TX5 ,101.9224,1.00,1.00,7.5000,101.9224,7.5000
02-Jul-2026,INE0MYJ07161 ,99.5619,2.00,123.00,11.1000,99.4562,11.2862
02-Jul-2026,INE01HV07528 ,101.0827,0.10,56.70,8.0000,101.0062,8.1795
02-Jul-2026,INE918K07JJ3 ,147.5110,10.00,100.00,9.0000,147.5110,9.0000
02-Jul-2026,INE093JA7V49 ,218.8870,58.00,58.00,7.5000,218.8870,7.5000
02-Jul-2026,INE093JB7SX6 ,105.1000,8.00,22.00,8.0000,105.1000,8.0000
02-Jul-2026,INE093JA7CV5 ,267.3140,43.00,43.00,7.5000,267.3140,7.5000
02-Jul-2026,INE093JA70G0 ,240.5900,1.00,11.00,7.5000,240.5900,7.5000
02-Jul-2026,INE093JA72S1 ,202.9600,18.00,18.00,7.5000,202.9600,7.5000
02-Jul-2026,INE093J074I9 ,304.0880,20.00,20.00,7.5000,304.0880,7.5000
02-Jul-2026,INE093JA7T68 ,220.3740,81.00,162.00,7.5000,220.1734,7.5000
02-Jul-2026,INE093JA71F0 ,242.0340,13.00,13.00,7.5000,242.0340,7.5000
02-Jul-2026,INE148I07UE9 ,101.1003,0.10,203.08,8.8500,101.1984,9.0942
02-Jul-2026,INE093JA72G6 ,216.4680,80.00,160.00,7.5000,216.4680,7.5000
02-Jul-2026,INE093JA7R94 ,245.4150,80.00,160.00,7.5000,245.1025,7.5000
02-Jul-2026,INE093JA72D3 ,242.3600,13.00,13.00,7.5000,242.3600,7.5000
02-Jul-2026,INE093J078M2 ,294.6360,20.00,20.00,7.5000,294.6360,7.5000
02-Jul-2026,INE093JA70I6 ,240.0860,46.00,46.00,7.5000,240.0860,7.5000
02-Jul-2026,INE093JA74R9 ,159.4900,80.00,80.00,7.5000,159.4900,7.5000
02-Jul-2026,INE093JA78I9 ,239.7090,14.00,97.00,7.5000,239.7992,7.5000
02-Jul-2026,INE093JA78R0 ,170.9860,25.00,25.00,7.5000,170.9860,7.5000
02-Jul-2026,INE093JA75F1 ,216.8090,39.00,39.00,7.5000,216.8090,7.5000
02-Jul-2026,INE093JB7JC9 ,182.2510,80.00,80.00,7.5000,182.2510,7.5000
02-Jul-2026,INE093J072P8 ,299.3790,24.00,24.00,7.5000,299.3790,7.5000
02-Jul-2026,INE093JA70C9 ,243.1860,15.00,40.00,7.5000,243.1860,7.5000
02-Jul-2026,INE093JA70D7 ,218.2900,32.00,32.00,7.5000,218.2900,7.5000
02-Jul-2026,INE093J070M9 ,237.1960,12.00,25.00,7.5000,237.1960,7.5000
02-Jul-2026,INE093JA70F2 ,242.0350,88.00,128.00,7.5000,241.8397,7.5000
02-Jul-2026,INE918K07KR4 ,147.2317,30.00,250.00,9.0000,147.2317,9.0000
02-Jul-2026,INE093J075H8 ,287.3960,14.00,14.00,7.5000,287.3960,7.5000
02-Jul-2026,INE093JA75L9 ,239.2070,112.00,112.00,7.5000,239.2070,7.5000
02-Jul-2026,INE093JA7S69 ,220.8920,52.00,57.00,7.5000,220.8372,7.5000
02-Jul-2026,INE093JA7S51 ,245.1590,40.00,40.00,7.5000,245.1590,7.5000
02-Jul-2026,INE093JA7S77 ,221.5120,22.00,22.00,7.5000,221.5120,7.5000
02-Jul-2026,INE093JB7G79 ,131.1980,80.00,80.00,8.0000,131.1980,8.0000
02-Jul-2026,INE093JA77J9 ,215.8500,40.00,80.00,7.5000,215.8500,7.5000
02-Jul-2026,INE093JA72L6 ,215.3990,15.00,64.00,7.5000,215.2037,7.5000
02-Jul-2026,INE093JA74G2 ,234.4980,13.00,13.00,7.5000,234.4980,7.5000
02-Jul-2026,INE093JA7W63 ,218.5440,80.00,85.00,7.5000,218.5440,7.5000
02-Jul-2026,INE093J071J3 ,303.6120,20.00,20.00,7.5000,303.6120,7.5000
02-Jul-2026,INE093JA71J2 ,182.4370,40.00,40.00,7.5000,182.4370,7.5000
02-Jul-2026,INE093JA70L0 ,178.4980,40.00,40.00,7.5000,178.4980,7.5000
02-Jul-2026,INE681R08141 ,99.5058,2.00,42.00,11.2500,99.6047,11.1276
02-Jul-2026,INE093JA7V07 ,219.2890,28.00,28.00,7.5000,219.2890,7.5000
02-Jul-2026,INE093JA72H4 ,241.0890,46.00,46.00,7.5000,241.0890,7.5000
02-Jul-2026,INE093JA72I2 ,240.0230,20.00,40.00,7.5000,240.0230,7.5000
02-Jul-2026,INE020B08EB3 ,100.1500,200.00,200.00,7.6350,100.1500,7.6350
02-Jul-2026,INE04Q907199 ,99.7762,1.00,75.20,13.6500,96.6537,15.7112
02-Jul-2026,INE101Q07BW3 ,99.8300,0.90,0.90,10.1700,99.8300,10.1700
02-Jul-2026,INE1QWF07063 ,100.4225,2.00,65.00,10.7500,100.0695,10.9755
02-Jul-2026,INE020B08EH0 ,101.0427,2500.00,15000.00,7.0700,101.0427,7.0700
02-Jul-2026,INE296A07SV1 ,100.1247,10000.00,12500.00,7.7800,100.1246,7.7800
02-Jul-2026,INE296A07TK2 ,99.9323,5000.00,5000.00,7.3000,99.9323,7.3000
02-Jul-2026,INE918K07JL9 ,146.8933,50.00,50.00,9.0000,146.8933,9.0000
02-Jul-2026,INE918K07JU0 ,149.8832,30.00,90.00,9.0000,149.8832,9.0000
02-Jul-2026,INE918K07JW6 ,149.0472,30.00,60.00,9.0000,149.0472,9.0000
02-Jul-2026,INE918K07JO3 ,145.8896,30.00,30.00,9.0000,145.8896,9.0000
02-Jul-2026,INE918K07KA0 ,148.7415,30.00,30.00,9.0000,148.7415,9.0000
02-Jul-2026,INE020B08FA2 ,100.4462,6500.00,26500.00,7.0200,100.4462,7.0200
02-Jul-2026,INE261F08DX0 ,100.0707,17500.00,116000.00,6.2500,100.0685,6.2743
02-Jul-2026,INE261F08DV4 ,100.6336,10000.00,23000.00,7.1300,100.6336,7.1300
02-Jul-2026,INE507T07112 ,100.4131,2500.00,12500.00,7.1000,100.4237,7.0840
02-Jul-2026,INE101Q07BX1 ,97.5118,1.00,236.40,11.2500,97.3886,11.3342
02-Jul-2026,INE741K07579 ,102.5361,0.02,6.78,8.7500,102.2634,8.8972
02-Jul-2026,INE0NES07170 ,42.7843,1.00,1.00,12.8000,42.7843,12.8000
02-Jul-2026,INE020B08GF9 ,100.0000,2500.00,150000.00,7.1650,100.0758,7.1465
02-Jul-2026,INE08XP07480 ,99.8924,1.30,1.30,13.7000,99.8924,13.7000
02-Jul-2026,INE403D08231 ,100.9718,2500.00,2500.00,7.8000,100.9718,7.8000
02-Jul-2026,INE101Q07BZ6 ,99.4000,0.80,1.30,10.4211,98.9796,10.6630
02-Jul-2026,INE511C07AA1 ,100.2732,1500.00,1500.00,8.0500,100.2732,8.0500
02-Jul-2026,INE0NES07303 ,98.1376,4.10,391.40,14.2500,98.3351,14.0871
02-Jul-2026,INE0BUS07CL8 ,98.3061,1.10,1.60,11.7940,98.3355,11.7803
02-Jul-2026,INE033L07IO1 ,99.6886,2500.00,5000.00,7.4300,99.6886,7.4300
02-Jul-2026,INE734I07115 ,99.9736,0.90,2.10,11.8262,99.9083,11.8660
02-Jul-2026,INE476A08217 ,100.4335,100.00,200.00,8.1500,100.5956,8.0750
02-Jul-2026,IN002026Z102 ,95.0085,1.05,4.81,5.6000,94.9488,5.6663
02-Jul-2026,INE414G07JS2 ,99.0697,2500.00,9500.00,8.2800,99.0697,8.2800
02-Jul-2026,INE00DJ07052 ,101.1382,1.00,5.00,12.7970,101.1382,12.7970
02-Jul-2026,INE514E08GG3 ,100.9851,2500.00,12500.00,6.9600,100.9851,6.9600
02-Jul-2026,INE818W08164 ,102.5321,7.00,9.00,11.5000,102.5321,11.5000
02-Jul-2026,INE0LN107030 ,100.5379,0.10,3.20,11.0000,100.3834,11.2422
02-Jul-2026,INE261F08EK5 ,100.4078,10000.00,75000.00,7.1300,100.4078,7.1300
02-Jul-2026,INE01YL07417 ,100.0285,1.00,70.00,11.2000,99.8042,11.1814
02-Jul-2026,INE146O08399 ,99.7528,2.00,63.00,9.3000,99.5810,9.3444
02-Jul-2026,INE443L07174 ,100.6846,1.00,3.00,9.1000,100.6846,9.1000
02-Jul-2026,INE0MYJ07187 ,98.9764,1.00,28.00,12.0000,98.9764,12.0000
02-Jul-2026,INE950O07578 ,100.9278,20.00,1040.00,7.8100,100.3295,7.9596
02-Jul-2026,INE0M2307412 ,102.7461,4.00,20.00,8.9500,102.5740,8.9815
02-Jul-2026,INE07HK07858 ,101.5380,2.00,32.00,9.7500,101.5380,9.7500
02-Jul-2026,INE229U07178 ,100.3097,9.00,130.00,11.5200,100.3763,11.4791
02-Jul-2026,INE403Q07GX0 ,99.9261,1.00,15.00,10.5000,99.9261,10.5000
02-Jul-2026,INE998Y07212 ,100.4358,1.00,7.00,11.2500,100.4358,11.2500
02-Jul-2026,INE516Q07481 ,99.5579,1.00,45.00,9.7500,99.5579,9.7500
02-Jul-2026,INE859C07253 ,99.5719,19.50,19.60,9.1000,99.5732,9.0990
02-Jul-2026,INE515Q07640 ,100.2492,9.75,9.75,11.0000,100.2492,11.0000
02-Jul-2026,INE911L07154 ,99.8069,0.90,0.90,11.8085,99.8069,11.8085
02-Jul-2026,INE501X07646 ,100.0411,3.00,97.33,10.5000,100.0344,10.5134
02-Jul-2026,INE413U07400 ,92.0698,3.25,5.42,10.5000,92.0698,10.5000
02-Jul-2026,INE06WU07064 ,33.5663,3.00,12.00,10.8000,33.5395,10.9500
02-Jul-2026,INE413U07434 ,98.8411,5.00,5.00,10.6428,98.8411,10.6428
02-Jul-2026,INE342T07718 ,99.7041,3.00,556.70,11.0000,99.5368,11.1163
02-Jul-2026,INE814O07618 ,99.5905,2.00,2.00,13.2500,99.5905,13.2500
02-Jul-2026,INE572J07786 ,98.9593,0.89,47.11,13.2500,98.9713,13.2370
02-Jul-2026,INE884Q07772 ,100.3396,0.10,2.20,10.6300,100.3356,10.6527
02-Jul-2026,INE104W07229 ,99.2275,1.00,2.00,12.8500,99.2275,12.8500
02-Jul-2026,INE101Q07BL6 ,98.2739,0.01,1.71,11.4000,98.4497,11.2206
02-Jul-2026,INE296Q07142 ,98.4821,0.10,4.40,12.3000,99.2224,11.5364
02-Jul-2026,INE087P07485 ,100.1050,1.00,1.00,8.7500,100.1050,8.7500
02-Jul-2026,INE105N07738 ,100.7922,1.00,1.00,8.0000,100.7922,8.0000
02-Jul-2026,INE01HV07635 ,99.1715,0.10,0.10,10.1000,99.1715,10.1000
02-Jul-2026,INE583D07638 ,99.7697,0.10,103.10,10.5500,98.7736,10.9821
02-Jul-2026,INE296Q07167 ,97.8128,0.10,0.10,12.3000,97.8128,12.3000
02-Jul-2026,INE0BUS07CK0 ,98.5521,0.10,8.60,11.4500,98.7934,11.2821
02-Jul-2026,INE01HV07536 ,100.0898,7.00,8.10,10.1000,99.9693,10.2741
02-Jul-2026,INE115A07RI2 ,100.7340,5000.00,10000.00,7.4000,100.7340,7.4000
02-Jul-2026,INE0RU307197 ,99.6249,0.30,1.90,14.9900,99.6489,14.7763
02-Jul-2026,INE08E807126 ,100.4207,2.00,2.00,10.2900,100.4207,10.2900
02-Jul-2026,INE734I07073 ,99.6752,0.10,22.20,12.0400,100.1867,11.5876
02-Jul-2026,INE583D07604 ,98.9314,0.01,2.87,12.1700,99.9295,10.7391
02-Jul-2026,INE296G07218 ,98.8140,0.10,5.00,13.9900,98.9911,13.4586
02-Jul-2026,INE342T07643 ,99.7484,0.40,6.10,11.3300,99.1140,13.5403
02-Jul-2026,INE046W07339 ,98.9713,0.10,64.30,11.0000,99.4256,10.6194
02-Jul-2026,INE01XO07041 ,101.6380,0.50,2.70,11.2500,101.0004,11.7170
02-Jul-2026,INE104W07211 ,100.4685,0.10,1.40,10.9400,100.5536,10.7179
02-Jul-2026,INE734I07065 ,99.7827,0.10,0.10,12.0000,99.7827,12.0000
02-Jul-2026,INE296Q07134 ,100.1546,0.65,5.20,12.0300,100.6094,11.3188
02-Jul-2026,INE423A07328 ,99.5416,0.10,9.23,10.0100,101.3966,8.3263
02-Jul-2026,INE296G07309 ,99.0785,1.00,1.00,11.4800,99.0785,11.4800
02-Jul-2026,INE734I07099 ,99.7551,1.20,3.00,11.9500,100.0862,11.6800
02-Jul-2026,INE046W07289 ,99.8379,0.10,35.80,10.4200,99.9375,10.2622
02-Jul-2026,INE0MYJ07138 ,99.9154,0.10,4.00,11.7700,99.5661,12.5923
02-Jul-2026,INE0MYJ07112 ,100.1621,0.10,1.80,10.8500,100.0345,11.4033
02-Jul-2026,INE0RU307205 ,99.3097,0.20,1.90,13.5400,99.4491,13.1763
02-Jul-2026,INE0TLC07093 ,99.9845,1.00,1.00,9.6300,99.9845,9.6300
02-Jul-2026,INE101Q07BK8 ,98.7478,0.49,2.82,11.5400,98.6092,11.7872
02-Jul-2026,INE342T07569 ,98.9317,0.10,28.80,12.5400,100.0345,11.0849
02-Jul-2026,INE884Q07780 ,99.5266,0.10,0.70,13.9200,99.7809,13.1671
02-Jul-2026,INE103C07181 ,99.5626,0.01,6.52,10.0300,99.9759,9.6886
02-Jul-2026,INE0O7U07020 ,99.5122,0.50,10.90,12.1000,99.8150,11.7725
02-Jul-2026,INE229U07145 ,99.5009,0.10,10.80,12.2800,100.8406,11.1006
02-Jul-2026,INE389Z07088 ,99.3354,0.20,20.60,10.6400,99.3776,10.6081
02-Jul-2026,INE884Q07830 ,99.7131,0.50,3.00,12.0400,99.6028,12.1853
02-Jul-2026,INE423A07450 ,99.1055,0.01,0.60,9.9100,100.5931,8.3452
02-Jul-2026,INE0RU307213 ,99.4653,0.10,4.40,12.3000,99.6433,12.1159
02-Jul-2026,INE956L07092 ,99.9037,7.40,9.50,10.9200,99.8867,10.9333
02-Jul-2026,INE413U07277 ,98.5080,0.19,0.76,13.1100,98.5091,13.1103
02-Jul-2026,INE109C07147 ,99.3368,0.10,19.60,11.7500,100.0045,11.3414
02-Jul-2026,INE01XO07033 ,100.0702,0.10,26.30,12.3000,100.6215,11.5103
02-Jul-2026,INE101Q07BS1 ,98.6839,0.10,3.60,10.8600,98.8536,10.7342
02-Jul-2026,INE0LN107071 ,100.0321,0.50,4.60,11.7100,100.0997,11.6652
02-Jul-2026,INE01XO07066 ,101.3301,0.10,22.40,11.5100,99.8784,12.4592
02-Jul-2026,INE08KJ07183 ,99.1329,0.10,5.70,11.8400,99.2010,11.7288
02-Jul-2026,INE884Q07806 ,100.1948,0.10,2.60,12.2500,100.3819,11.9646
02-Jul-2026,INE477L07AN9 ,99.8915,0.01,0.01,8.7500,99.8915,8.7500
02-Jul-2026,INE530B07310 ,99.7080,0.02,0.09,9.2200,100.3554,8.7422
02-Jul-2026,INE07HK07817 ,99.0778,1.00,2.00,13.3300,99.7021,11.7000
02-Jul-2026,INE01YL07433 ,100.1826,500.00,500.00,10.7870,100.1826,10.7870
02-Jul-2026,INE377Y07532 ,100.3613,5000.00,10000.00,7.3800,100.3849,7.3650
02-Jul-2026,INE01YL07391 ,100.1218,2.00,25.00,11.0900,100.3394,10.8324
02-Jul-2026,INE134E08NP7 ,100.5826,7500.00,30000.00,7.1200,100.6028,7.1038
02-Jul-2026,INE976I07DD1 ,102.6038,1.00,3.00,7.3000,102.6050,7.3000
02-Jul-2026,INE530B07161 ,100.0804,0.25,0.25,8.4400,100.0804,8.4400
02-Jul-2026,INE0MYJ07120 ,100.1571,1.00,48.00,11.2000,100.1531,11.2115
02-Jul-2026,INE583D07562 ,99.2899,0.01,3.61,13.0500,98.8773,14.5862
02-Jul-2026,INE530B07385 ,99.3505,0.01,0.01,9.3800,99.3505,9.3800
02-Jul-2026,INE511C08AN2 ,100.7600,200.00,400.00,8.3000,100.7350,8.3050
02-Jul-2026,INE896L07AA7 ,102.2778,2.72,2.74,8.6000,102.2778,8.6000
02-Jul-2026,INE556F08KX8 ,100.7650,2500.00,2500.00,7.1800,100.7650,7.1800
02-Jul-2026,INE01YL07441 ,99.5449,1.00,47.00,11.2000,99.4982,11.2298
02-Jul-2026,INE484J14B34 ,99.9110,12500.00,12500.00,6.5000,99.9110,6.5000
02-Jul-2026,INE403Q07GU6 ,97.6097,0.01,4.80,10.5000,97.6097,10.5000
02-Jul-2026,INE261F14PT0 ,98.8178,25000.00,25000.00,6.1500,98.8178,6.1500
02-Jul-2026,INE0IX207254 ,100.0342,1.50,4.50,11.7500,100.0344,11.7500
02-Jul-2026,INE053F08304 ,100.1634,10000.00,12500.00,6.5500,100.1634,6.5500
02-Jul-2026,INE774D07VM4 ,100.9756,9000.00,36500.00,7.5800,100.9756,7.5800
02-Jul-2026,INE0NDH07043 ,100.2692,7500.00,7500.00,7.2000,100.2692,7.2000
02-Jul-2026,IN002025Z476 ,96.5833,0.00,0.09,5.5000,96.5833,5.5000
02-Jul-2026,INE964R07093 ,98.5235,30.00,51.00,14.7500,98.6929,14.6394
02-Jul-2026,INE0MEG07029 ,99.6877,10.00,17.20,13.0646,99.7542,12.9852
02-Jul-2026,INE540P07426 ,106.0619,10.00,10.00,8.2800,106.0619,8.2800
02-Jul-2026,INE180C07221 ,99.9040,0.02,2.33,9.0500,99.7017,9.3295
02-Jul-2026,INE321N07442 ,100.2166,1.00,4.00,8.5000,100.2166,8.5000
02-Jul-2026,IN0020240043 ,100.1139,0.00,0.56,7.0000,100.1132,7.0009
02-Jul-2026,IN002025Z500 ,96.5319,0.00,0.01,5.1000,96.5319,5.1000
02-Jul-2026,INE2VYE15014 ,97.7562,62.08,138.33,14.1000,98.0446,13.7693
02-Jul-2026,INE2V4Q15019 ,82.5157,0.12,44.87,10.5000,83.4734,18.5588
02-Jul-2026,INE102D14CA9 ,99.9343,5000.00,5000.00,6.0000,99.9343,6.0000
02-Jul-2026,IN002025Z401 ,97.2800,0.00,0.20,5.5000,97.2418,5.5809
02-Jul-2026,INE179P07621 ,97.2739,0.10,0.10,13.2000,97.2739,13.2000
02-Jul-2026,INE020B07GH7 ,101.9201,2.60,2.60,5.4000,101.9201,5.4000
02-Jul-2026,INE787H07149 ,103.0048,18.00,18.00,5.2700,103.0048,5.2700
02-Jul-2026,INE046W07321 ,100.6820,2.00,90.00,10.0500,100.6820,10.0500
02-Jul-2026,INE09B308044 ,104.3424,1.00,540.00,11.5000,98.9513,12.9732
02-Jul-2026,INE219X07264 ,101.7023,1.00,1.00,7.7500,101.7023,7.7500
02-Jul-2026,INE658F08565 ,101.1601,1.00,66.00,9.3200,101.1859,9.3132
02-Jul-2026,INE031A07865 ,103.3474,4.50,4.50,5.2800,103.3474,5.2800
02-Jul-2026,INE0IID07553 ,100.0084,0.57,6.13,13.8000,100.0084,13.8000
02-Jul-2026,INE14H407132 ,99.4564,2.00,16.00,12.0000,99.4564,12.0000
02-Jul-2026,INE134E08LK2 ,99.9043,7500.00,7500.00,6.4000,99.9043,6.4000
02-Jul-2026,INE248U07GC5 ,99.8995,2500.00,5000.00,8.7750,99.8832,8.7889
02-Jul-2026,INE674K07143 ,101.5992,10.00,10.00,7.8500,101.5992,7.8500
02-Jul-2026,INE121A08PZ6 ,99.9000,5000.00,20500.00,8.8910,99.9000,8.8912
02-Jul-2026,INE403D08306 ,99.2876,2500.00,5000.00,7.8000,99.2876,7.8000
02-Jul-2026,INE0BUS07BX5 ,100.9335,72.00,72.00,12.1036,100.9335,12.1036
02-Jul-2026,INE053F08411 ,101.1108,2500.00,2500.00,6.9500,101.1108,6.9500
02-Jul-2026,INE413U08093 ,96.8433,25.00,281.00,12.0344,99.5965,11.1070
02-Jul-2026,INE101Q07AZ8 ,99.9742,1.00,4.00,10.4500,99.9416,10.4100
02-Jul-2026,INE0MEG07011 ,99.7271,10.00,10.00,13.0999,99.7271,13.0999
02-Jul-2026,INE583D08081 ,99.3083,1.00,1.00,12.5000,99.3083,12.5000
02-Jul-2026,INE104W07260 ,99.3638,0.50,21.50,12.8000,99.5327,12.5640
02-Jul-2026,INE01XO07017 ,99.9745,0.75,3.00,13.0000,99.9745,13.0000
02-Jul-2026,INE0O7U07046 ,87.4202,0.50,3.40,11.6800,87.3840,11.7294
02-Jul-2026,INE296A07TH8 ,98.7000,600.00,1200.00,7.7500,98.6729,7.7525
02-Jul-2026,INE296G07291 ,99.4734,1.00,20.00,10.5000,99.6201,10.4525
02-Jul-2026,INE04Q907181 ,99.6453,0.10,24.10,13.7500,99.6303,13.7600
02-Jul-2026,IN1520170136 ,102.8600,0.00,0.02,5.7300,102.8595,5.7395
02-Jul-2026,INE0NES07287 ,98.7752,0.50,4.10,13.4000,98.4704,13.7512
02-Jul-2026,IN0020240167 ,101.1737,0.00,0.06,5.8500,101.1737,5.8500
02-Jul-2026,INE020B08FZ9 ,99.5794,2500.00,9000.00,7.0500,99.5928,7.0356
02-Jul-2026,INE896L07991 ,101.5000,0.02,0.52,9.3041,101.5000,9.3041
02-Jul-2026,INE413U07418 ,98.7245,4.00,4.00,10.9500,98.7245,10.9500
02-Jul-2026,INE121A08PX1 ,98.7863,1.00,1.00,8.6300,98.7863,8.6300
02-Jul-2026,INE146O08266 ,100.4417,5.00,5.00,9.3500,100.4417,9.3500
02-Jul-2026,INE0TLC07101 ,103.1500,5.00,5.00,8.8434,103.1500,8.8434
02-Jul-2026,INE612U08066 ,99.0000,5.00,5.00,12.1326,99.0000,12.1326
02-Jul-2026,INE403Q07GD2 ,98.7667,10.00,10.00,11.2500,98.7667,11.2500
02-Jul-2026,INE342T07668 ,99.4715,10.00,17.80,11.5500,99.9769,11.2954
02-Jul-2026,INE549K08590 ,99.0000,10.00,60.10,11.1153,100.8246,10.7297
02-Jul-2026,INE08XP07431 ,99.1922,0.20,0.20,13.7100,99.1922,13.7100
02-Jul-2026,INE926R07019 ,99.7135,0.30,4.40,14.1900,99.7135,14.1900
02-Jul-2026,INE04UP07170 ,90.5891,0.30,29.00,14.2400,90.8637,13.9825
02-Jul-2026,INE530L07228 ,99.9785,0.56,0.56,10.0000,99.9785,10.0000
02-Jul-2026,INE964R07051 ,100.1066,1.00,2.00,13.6600,100.1741,12.8300
02-Jul-2026,INE916Y07073 ,98.5860,0.10,11.50,13.0000,99.2673,12.7913
02-Jul-2026,INE08XP07423 ,98.8471,0.50,3.00,14.2400,98.8471,14.2400
02-Jul-2026,INE537P07901 ,100.0000,5000.00,5000.00,7.9307,100.0000,7.9307
02-Jul-2026,INE403Q07FN3 ,99.8617,0.20,0.20,10.7000,99.8617,10.7000
02-Jul-2026,INE583D07513 ,100.4456,0.01,0.01,10.2800,100.4456,10.2800
02-Jul-2026,INE896L07975 ,100.5785,1.00,1.00,8.7500,100.5785,8.7500
02-Jul-2026,IN1020180221 ,104.1572,0.00,0.03,6.5000,104.1566,6.4981
02-Jul-2026,INE020B08EX7 ,100.4124,2500.00,2500.00,7.0200,100.4124,7.0200
02-Jul-2026,IN0020230036 ,102.2045,0.00,0.00,6.5000,102.2045,6.5000
02-Jul-2026,INE01XO07025 ,86.0027,0.70,24.15,12.6200,86.2363,12.1781
02-Jul-2026,IN0020210186 ,99.7583,0.00,0.01,6.4400,99.7583,6.4400
02-Jul-2026,INE916Y07065 ,98.0991,0.10,6.70,13.3400,98.9961,12.7588
02-Jul-2026,IN0020230119 ,100.2393,0.00,0.00,6.6200,100.2393,6.6200
02-Jul-2026,INE403Q08357 ,98.6091,3.00,1423.20,11.9500,98.4789,11.9910
02-Jul-2026,INE403D08322 ,99.8401,5000.00,5000.00,7.8800,99.8401,7.8800
02-Jul-2026,INE926R07027 ,99.5958,0.10,5.10,14.0800,95.0335,17.4329
02-Jul-2026,IN0020070069 ,101.3754,0.00,0.00,7.1800,101.3754,7.1800
02-Jul-2026,INE179P07613 ,96.2298,1.00,1.00,14.6700,96.2298,14.6700
02-Jul-2026,INE08KJ07175 ,99.5397,2.00,17.80,12.1100,100.4181,11.0891
02-Jul-2026,INE0BUS07CE3 ,98.6956,0.02,7.00,11.3600,98.4093,11.6175
02-Jul-2026,INE414G07JU8 ,98.4930,20000.00,20000.00,8.4700,98.4930,8.4700
02-Jul-2026,INE377Y07631 ,100.6926,2500.00,2500.00,7.7100,100.6926,7.7100
02-Jul-2026,INE033L07HU0 ,100.3514,2500.00,10000.00,7.4300,100.3843,7.4033
02-Jul-2026,INE583D07653 ,99.1396,0.30,24.30,11.1700,99.3211,10.9033
02-Jul-2026,INE549K07HD3 ,101.5469,1.00,4.00,8.4000,101.5353,8.4050
02-Jul-2026,INE342T07494 ,99.8079,3.00,8.00,11.2500,99.9744,11.0500
02-Jul-2026,INE020B07HP8 ,107.1034,0.28,0.28,5.0000,107.1034,5.0000
02-Jul-2026,INE998Y07204 ,99.6791,0.10,2.00,11.7600,99.8042,11.6190
02-Jul-2026,INE115A07QX3 ,100.7365,1000.00,2000.00,7.4600,100.7573,7.4550
02-Jul-2026,INE366T07204 ,100.7089,0.40,8.10,12.0000,101.0500,11.6752
02-Jul-2026,INE1VXE07015 ,99.1396,1.00,9.00,11.6000,99.2337,11.4944
02-Jul-2026,INE046W07370 ,99.7885,4.00,5.00,10.3000,99.8695,10.2400
02-Jul-2026,IN4520260055 ,101.3000,500.00,500.00,7.8400,101.3000,7.8400
02-Jul-2026,INE261F08EO7 ,100.5921,2500.00,5000.00,7.1500,100.5921,7.1500
02-Jul-2026,INE0KUG08134 ,101.4000,320.00,320.00,7.5200,101.4000,7.5200
02-Jul-2026,INE721A07SA2 ,103.4201,5000.00,5000.00,7.8100,103.4201,7.8100
02-Jul-2026,INE134E08MM6 ,101.8294,5000.00,5000.00,7.2700,101.8294,7.2700
02-Jul-2026,INE134E08KI8 ,102.2542,1000.00,1000.00,7.1500,102.2542,7.1500
02-Jul-2026,IN2020180070 ,107.3917,0.00,0.01,6.5000,107.3640,6.5000
02-Jul-2026,INE556F08LC0 ,100.0113,1000.00,3500.00,7.1900,100.0287,7.1829
02-Jul-2026,INE556F08KP4 ,100.4994,2500.00,5000.00,7.2000,100.4994,7.2000
02-Jul-2026,IN1920180081 ,104.6478,0.00,0.02,6.5000,104.6478,6.5000
02-Jul-2026,INE413U07442 ,97.9851,0.40,7.40,10.6500,97.9045,10.6905
02-Jul-2026,INE062A08371 ,100.9700,1000.00,1000.00,7.9105,100.9700,7.9105
02-Jul-2026,INE734I07081 ,99.2621,1.00,159.00,11.6000,98.7840,11.9133
02-Jul-2026,INE860H07GM3 ,102.1700,1000.00,1000.00,8.0962,102.1700,8.0962
02-Jul-2026,INE348L07308 ,100.1464,2.00,15.00,8.2500,100.1464,8.2500
02-Jul-2026,INE723X07273 ,99.9350,2400.00,4900.00,8.7923,99.9350,8.7923
02-Jul-2026,INE2T2Q07279 ,101.0000,2500.00,2500.00,8.6500,101.0000,8.6500
02-Jul-2026,INE01HV07619 ,99.7252,3.20,3.20,10.2000,99.7252,10.2000
02-Jul-2026,INE2T2Q07220 ,100.9500,2500.00,2500.00,8.6500,100.9500,8.6500
02-Jul-2026,INE261F08CN3 ,100.3000,1100.00,1100.00,6.4034,100.3000,6.4034
02-Jul-2026,INE813H07432 ,100.8746,2500.00,5000.00,7.7500,100.7723,7.7896
02-Jul-2026,INE539K07221 ,96.3684,10.00,10.00,8.9500,96.3684,8.9500
02-Jul-2026,INE2T2Q07238 ,100.8075,1600.00,1600.00,8.6500,100.8075,8.6500
02-Jul-2026,INE0TLC07069 ,103.3857,1.00,6.00,8.0000,103.0307,8.1667
02-Jul-2026,INE296Q07076 ,58.4392,2.00,44.00,13.0000,58.9808,14.4727
02-Jul-2026,INE08XP07506 ,94.7923,50.00,50.00,15.2500,94.7923,15.2500
02-Jul-2026,INE246R07905 ,100.1374,1300.00,1300.00,7.8300,100.1374,7.8300
02-Jul-2026,INE031A08AC8 ,100.0000,20000.00,50000.00,7.2269,100.0000,7.2269
02-Jul-2026,INE557F08FX6 ,101.9596,2500.00,2500.00,7.0000,101.9596,7.0000
02-Jul-2026,INE0NES07279 ,98.5402,5.00,5.00,13.9000,98.5402,13.9000
02-Jul-2026,INE0Z4807015 ,129.3802,1.00,5.00,13.7500,129.3802,13.7500
02-Jul-2026,INE101Q07BO0 ,98.6069,0.20,13.20,11.0000,98.6069,11.0000
02-Jul-2026,INE2TW815011 ,99.8466,8.00,8.00,11.5000,99.8466,11.5000
02-Jul-2026,INE918K07PR3 ,101.4206,8.00,20.00,8.2000,101.3538,8.2780
02-Jul-2026,INE020B08EE7 ,102.1442,5000.00,10000.00,7.2500,102.1442,7.2500
02-Jul-2026,INE420C07189 ,98.0001,5.00,6.80,10.7500,98.3614,10.5515
02-Jul-2026,INE658F08516 ,101.8573,5.00,26.00,9.2000,101.4636,9.2885
02-Jul-2026,INE2VA015010 ,101.8333,75.00,75.00,12.5000,101.8333,12.5000
02-Jul-2026,INE053F07579 ,103.2123,1.00,1.00,5.2400,103.2123,5.2400
02-Jul-2026,INE296G07275 ,101.2377,1.00,9.00,9.0000,101.2405,9.0000
02-Jul-2026,INE523L07AM2 ,100.8914,1.00,4.00,8.6000,100.4953,8.9000
02-Jul-2026,INE516Y07444 ,94.7306,0.58,54.64,9.1000,93.9410,9.4552
02-Jul-2026,INE340A07084 ,100.1805,200.00,200.00,7.2500,100.1805,7.2500
02-Jul-2026,INE03K307116 ,99.3132,0.30,3.50,11.8000,99.1395,11.9286
02-Jul-2026,INE04VS07420 ,100.3325,14.00,14.00,8.9000,100.3325,8.9000
02-Jul-2026,INE121A07RF6 ,100.1029,4.00,4.00,7.7000,100.1029,7.7000
02-Jul-2026,INE0LN107063 ,99.9159,1.00,14.00,11.6500,99.9158,11.6500
02-Jul-2026,INE00XL07015 ,97.8256,1.00,2.00,11.9401,97.8256,11.9401
02-Jul-2026,INE516Q07473 ,99.5931,2.00,6.00,9.7500,99.5931,9.7500
02-Jul-2026,INE674K07150 ,100.0636,1000.00,1000.00,8.0400,100.0636,8.0400
02-Jul-2026,INE389Z07112 ,98.8560,0.10,4.20,10.2000,98.8442,10.2062
02-Jul-2026,INE530L07731 ,99.8314,30.00,30.00,10.3000,99.8314,10.3000
02-Jul-2026,INE515Q08283 ,102.6500,10.00,22.00,11.7000,102.8244,11.6582
02-Jul-2026,INE515Q08242 ,105.7700,2.00,2.00,10.5964,105.7700,10.5964
02-Jul-2026,INE180C07171 ,101.3752,0.01,0.57,8.5500,101.2081,8.6377
02-Jul-2026,INE093JA72K8 ,174.1480,6.00,6.00,7.5000,174.1480,7.5000
02-Jul-2026,INE093JA77C4 ,242.6770,6.00,6.00,7.5000,242.6770,7.5000
02-Jul-2026,INE093JB7YB0 ,133.0720,80.00,80.00,8.0000,133.0720,8.0000
02-Jul-2026,INE530B08235 ,98.6421,400.00,400.00,9.5000,98.6421,9.5000
02-Jul-2026,INE733E14CD3 ,98.6429,5000.00,5000.00,6.0500,98.6429,6.0500
02-Jul-2026,INE0NES07246 ,99.5134,0.32,0.92,14.9500,58.2036,14.0355
02-Jul-2026,INE0RU307189 ,99.0719,0.10,0.10,12.0000,99.0719,12.0000
02-Jul-2026,INE998Y07162 ,98.9630,0.05,0.25,13.8600,98.4844,14.7720
02-Jul-2026,INE04SE07152 ,99.7763,0.20,2.50,11.8600,100.7756,10.6120
02-Jul-2026,INE0NES07188 ,100.0604,2.00,26.00,11.6400,100.1857,11.3212
02-Jul-2026,INE2UHF07015 ,100.4557,1.00,1.20,11.0800,100.4473,11.0892
02-Jul-2026,INE0CYK07012 ,100.4005,0.08,0.92,12.4100,100.4090,12.4009
02-Jul-2026,INE0RU307254 ,100.1025,1.20,1.70,11.6600,100.0914,11.6688
02-Jul-2026,INE0RU307221 ,99.2573,0.10,0.30,12.3300,99.2622,12.3300
02-Jul-2026,INE0RU307155 ,99.4459,0.20,1.50,12.9400,99.0504,13.6307
02-Jul-2026,INE540P07483 ,104.0326,10.00,20.00,8.3000,104.3842,8.1303
02-Jul-2026,INE413U07392 ,98.2084,1.00,1.00,12.5100,98.2084,12.5100
02-Jul-2026,INE296Q07068 ,100.7909,0.05,0.95,10.2200,100.6323,10.7063
02-Jul-2026,INE031A07840 ,101.6252,500.00,1000.00,5.5500,101.6083,5.5750
02-Jul-2026,INE002A08542 ,104.1535,3000.00,6000.00,6.9300,104.1535,6.9300
02-Jul-2026,INE721A07RC0 ,101.8955,50.00,100.00,8.1300,101.8477,8.1400
02-Jul-2026,INE556F08KQ2 ,100.5658,2500.00,5000.00,7.2000,100.5658,7.2000
02-Jul-2026,INE134E08MA1 ,101.9081,5000.00,5000.00,7.2500,101.9081,7.2500
02-Jul-2026,INE033L07IP8 ,98.8777,1.00,2.00,7.5000,98.8777,7.5000
02-Jul-2026,INE08XP07415 ,97.1722,0.50,1.00,14.4000,97.1722,14.4000
02-Jul-2026,INE115A07RJ0 ,100.0000,500.00,500.00,7.5842,100.0000,7.5842
02-Jul-2026,INE998Y07188 ,101.8335,0.20,1.90,10.7500,100.5511,12.1879
02-Jul-2026,INE0JZO07032 ,102.7571,1.00,19.00,12.5000,102.7571,12.5000
02-Jul-2026,INE115A07RG6 ,99.2019,500.00,500.00,7.3000,99.2019,7.3000
02-Jul-2026,INE093JB75U8 ,125.0000,2.00,2.00,8.0000,125.0000,8.0000
02-Jul-2026,INE121A08PP7 ,103.3374,2.00,5.00,8.2500,103.1136,8.3040
02-Jul-2026,INE516Q08497 ,99.9082,2.00,4007.00,10.7500,99.8986,10.7520
02-Jul-2026,INE04SE07160 ,99.5811,0.60,11.80,11.7500,99.7716,11.6153
02-Jul-2026,INE0GCN07054 ,99.7039,3.00,120.00,8.8500,100.8992,8.3082
02-Jul-2026,INE0NES07154 ,100.0743,1.00,10.00,11.7500,100.1776,11.5400
02-Jul-2026,INE549K07GT1 ,100.4400,0.01,3.31,9.2000,101.8821,8.4039
02-Jul-2026,INE08E807084 ,99.0396,1.00,6.00,11.2500,99.2619,11.0417
02-Jul-2026,INE01HV07593 ,99.5291,0.50,0.80,10.7500,99.8898,10.5325
02-Jul-2026,INE03K307108 ,99.2695,0.10,3.30,11.8500,99.3735,11.7712
02-Jul-2026,INE04SE07145 ,99.4606,0.10,2.70,12.0100,99.7857,11.7456
02-Jul-2026,INE583D07596 ,101.5250,0.01,0.67,10.2000,101.5243,10.2000
02-Jul-2026,INE0BUS07CH6 ,99.2859,1.00,8.00,11.5700,99.4367,11.4525
02-Jul-2026,INE423A07427 ,101.3960,0.03,0.03,8.3400,101.3960,8.3400
02-Jul-2026,INE836B07907 ,99.2978,0.70,0.80,11.0500,99.2982,11.0500
02-Jul-2026,INE03K307090 ,99.8332,1.00,3.00,11.6000,99.8332,11.6000
02-Jul-2026,INE03K307082 ,99.8443,2.00,9.00,11.7000,99.9282,11.6011
02-Jul-2026,INE08KJ07142 ,99.9432,1.00,1.00,11.7000,99.9432,11.7000
02-Jul-2026,IN2220220072 ,105.6051,0.10,0.15,6.9000,105.6137,6.9000
02-Jul-2026,INE136S07013 ,99.1805,1.00,11.00,11.6300,99.9282,11.0664
02-Jul-2026,INE104W07245 ,99.2781,0.10,0.90,13.0500,99.2781,13.0500
02-Jul-2026,INE423A07534 ,99.6690,100.00,100.00,8.8500,99.6690,8.8500
02-Jul-2026,INE01HV07551 ,100.0836,2.00,2.00,10.0500,100.0836,10.0500
02-Jul-2026,INE01HV07601 ,100.0793,2.00,2.00,10.4000,100.0793,10.4000
02-Jul-2026,INE04VS07370 ,99.8179,15.00,15.00,9.7500,99.8179,9.7500
02-Jul-2026,INE157D07EM8 ,99.9718,2.00,2.00,10.3000,99.9718,10.3000
02-Jul-2026,INE413U07384 ,97.7463,70.88,70.88,18.0759,97.7463,18.0759
02-Jul-2026,INE157D07EN6 ,99.9307,4.00,4.00,10.3000,99.9307,10.3000
02-Jul-2026,INE321N07525 ,100.3884,3.00,3.00,9.5500,100.3884,9.5500
02-Jul-2026,INE348L07316 ,100.2851,9.00,9.00,9.2000,100.2851,9.2000
02-Jul-2026,INE530B07617 ,99.2979,4.14,34.14,9.1000,99.2716,9.1176
02-Jul-2026,INE605Y07205 ,98.8560,4.00,4.00,10.3500,98.8560,10.3500
02-Jul-2026,INE605Y07213 ,98.5581,6.00,6.00,10.3500,98.5581,10.3500
02-Jul-2026,INE741K07611 ,99.7850,7.00,7.00,9.6900,99.7850,9.6900
02-Jul-2026,INE859C07204 ,100.4712,3.00,3.00,9.3500,100.4712,9.3500
02-Jul-2026,INE093J08617 ,101.5500,5.00,10.00,8.9800,101.5500,8.9800
02-Jul-2026,INE721A07SL9 ,101.4404,5000.00,5000.00,7.7500,101.4404,7.7500
02-Jul-2026,INE146O08415 ,101.4335,3.00,16.00,9.0000,100.6929,9.1563
02-Jul-2026,INE658F08540 ,101.7287,10.00,10.00,9.3000,101.7287,9.3000
02-Jul-2026,INE1C3207065 ,103.4824,30.00,60.00,8.6000,102.9962,8.7477
02-Jul-2026,INE414G08355 ,99.5000,1000.00,1000.00,8.7596,99.5000,8.7596
02-Jul-2026,INE261F08EB4 ,100.1072,10000.00,20000.00,6.7500,100.1072,6.7500
02-Jul-2026,INE414G07KB6 ,100.2728,390.00,520.00,8.5700,100.2909,8.5654
02-Jul-2026,INE12VA07AI0 ,99.4190,500.00,500.00,15.9000,99.4190,15.9000
02-Jul-2026,INE2T2Q07071 ,103.2334,5.00,5.00,8.6200,103.2334,8.6200
02-Jul-2026,INE674K08083 ,99.6910,5.00,55.00,8.1000,99.3901,8.1455
02-Jul-2026,INE202B07JU8 ,102.0400,200.00,200.00,8.4700,102.0400,8.4700
02-Jul-2026,INE0M2307347 ,101.7830,20.00,190.00,9.0500,101.7118,9.0684
02-Jul-2026,INE118D08078 ,98.8557,500.00,500.00,8.2500,98.8557,8.2500
02-Jul-2026,INE128M08094 ,97.0000,500.00,500.00,8.0300,97.0000,8.0300
02-Jul-2026,INE403D08298 ,98.1115,500.00,500.00,8.2000,98.1115,8.2000
02-Jul-2026,INE0XK707200 ,84.0000,59.00,149.00,16.0000,84.0000,16.0000
02-Jul-2026,INE0M2307404 ,101.9979,20.00,42.00,9.0500,101.7504,9.1002
02-Jul-2026,INE0TLC07044 ,105.2816,100.00,100.00,8.6000,105.2816,8.6000
02-Jul-2026,INE0PM707406 ,60.0000,80.00,160.00,14.8000,60.0000,14.8000
02-Jul-2026,INE532F07DC0 ,99.6110,0.10,0.30,10.0000,99.6110,10.0000
02-Jul-2026,INE0K0Y07021 ,100.0000,1.00,1.00,0.2500,100.0000,0.2500
02-Jul-2026,IN0020240118 ,96.8038,0.10,0.10,7.3600,96.8038,7.3600
02-Jul-2026,INE787H07362 ,107.5085,0.40,0.40,5.2400,107.5085,5.2400
02-Jul-2026,INE046W07305 ,99.8668,1.50,45.00,10.4500,99.8668,10.4500
02-Jul-2026,INE818W08099 ,102.9897,1.00,1.00,10.5000,102.9897,10.5000
02-Jul-2026,INE658F08250 ,102.4045,1.00,12.00,9.3200,102.4045,9.3200
02-Jul-2026,INE04VS07388 ,100.1975,0.43,24.43,9.6500,100.1975,9.6500
02-Jul-2026,INE180C07312 ,99.8007,1000.00,1000.00,9.5142,99.8007,9.5142
02-Jul-2026,INE420C07163 ,96.5307,3.00,4.00,10.5000,96.5307,10.5000
02-Jul-2026,INE658F08482 ,103.7009,1.00,1.00,9.3000,103.7009,9.3000
02-Jul-2026,INE321N07657 ,100.7483,1.00,1.00,11.3100,100.7483,11.3100
02-Jul-2026,INE14H407074 ,101.0661,1.60,23.20,11.7500,101.0769,11.7376
02-Jul-2026,INE721A07SK1 ,102.8734,5000.00,5000.00,7.9000,102.8734,7.9000
02-Jul-2026,INE01YL07409 ,100.2751,1.00,27.00,11.0000,100.1385,11.1200
02-Jul-2026,INE03W107249 ,100.2636,0.01,0.02,8.8500,100.3141,8.7450
02-Jul-2026,INE0RU307247 ,99.6872,0.10,0.30,12.0100,99.5808,12.1033
02-Jul-2026,INE572J07802 ,99.9051,0.89,2.67,12.2300,100.0730,12.0500
02-Jul-2026,INE103C07132 ,99.3589,0.02,0.06,10.2500,99.4660,10.1667
02-Jul-2026,INE861D07018 ,100.9221,0.10,1.60,11.6100,100.5293,12.0619
02-Jul-2026,INE338I07164 ,104.4726,0.03,0.05,7.5000,104.4726,7.5000
02-Jul-2026,INE342T07650 ,99.7157,0.10,8.00,11.0200,99.9760,10.5221
02-Jul-2026,INE296G07234 ,100.6816,1.00,8.00,8.2500,100.6816,8.2500
02-Jul-2026,INE530B07179 ,99.6501,0.96,0.96,9.7400,99.6501,9.7400
02-Jul-2026,INE480D07025 ,99.7861,0.96,1.21,14.4300,99.7851,14.4363
02-Jul-2026,INE0RU307163 ,99.2084,0.10,0.10,13.1500,99.2084,13.1500
02-Jul-2026,INE14H407058 ,100.8419,0.10,0.10,12.7000,100.8419,12.7000
02-Jul-2026,INE0RU307239 ,99.6010,0.10,0.20,11.5000,99.6010,11.5000
02-Jul-2026,INE0BUS07BW7 ,100.6500,5.00,5.00,11.3100,100.6500,11.3100
02-Jul-2026,INE0M2307370 ,101.2240,1.00,75.00,8.7500,101.5843,9.0020
02-Jul-2026,IN000929C041 ,80.8069,0.00,0.06,6.8500,80.8069,6.8500
02-Jul-2026,INE752E07OF7 ,100.2074,500.00,500.00,7.0500,100.2074,7.0500
02-Jul-2026,INE787H07297 ,106.7532,0.18,0.18,5.2400,106.7532,5.2400
02-Jul-2026,INE1C3207016 ,105.8921,1.00,1.00,8.6000,105.8921,8.6000
02-Jul-2026,INE0TLC07051 ,103.5434,2.00,2.00,8.6000,103.5434,8.6000
02-Jul-2026,INE020B08DA7 ,98.9110,2500.00,2500.00,7.1800,98.9110,7.1800
02-Jul-2026,INE774D07SW9 ,100.9165,0.02,4.85,7.5000,100.9165,7.5000
02-Jul-2026,INE0NES07261 ,99.6484,0.10,0.60,12.1500,99.6484,12.1500
02-Jul-2026,INE911L07147 ,77.4025,1.00,1.00,11.6000,77.4025,11.6000
02-Jul-2026,INE1C3207073 ,103.6561,1.00,3.00,8.2500,103.6561,8.2500
02-Jul-2026,INE403Q07GE0 ,100.2655,0.10,2.20,10.2500,100.2655,10.2500
02-Jul-2026,INE146O07516 ,101.6408,1.00,1.00,8.2000,101.6408,8.2000
02-Jul-2026,INE718F07031 ,99.8516,0.50,0.50,11.5500,99.8516,11.5500
02-Jul-2026,INE734I07040 ,100.1588,2.00,3.00,11.6000,100.1588,11.6000
02-Jul-2026,INE403Q07FQ6 ,100.2803,0.10,0.10,10.2500,100.2803,10.2500
02-Jul-2026,INE549K07HB7 ,101.5845,1.00,13.00,8.4000,101.5845,8.4000
02-Jul-2026,INE027E07AL1 ,101.4662,0.01,0.01,7.0000,101.4662,7.0000
02-Jul-2026,INE836B07790 ,100.5867,1.00,1.00,10.1000,100.5867,10.1000
02-Jul-2026,IN002025Z252 ,98.6011,0.00,0.00,7.0000,98.6011,7.0000
02-Jul-2026,INE0BUS07BN6 ,100.1581,0.10,0.10,10.2000,100.1581,10.2000
02-Jul-2026,INE0BBH07059 ,104.3300,4192.07,4192.07,14.0000,104.3300,14.0000
02-Jul-2026,INE539K07346 ,102.8715,1.00,10.00,8.7500,102.1665,8.9300
02-Jul-2026,INE0BUS07CC7 ,100.4344,0.04,0.09,11.7000,100.4344,11.7000
02-Jul-2026,INE501X07661 ,99.8534,1.00,11.00,10.6500,100.1321,10.6773
