Date, Symbol, Underlying Close Price (A), Underlying Previous Day Close Price (B), Underlying Log Returns (C) = LN(A/B), Previous Day Underlying Volatility (D), Current Day Underlying Daily Volatility (E) = Sqrt (0.995*D*D + 0.005* C*C), Underlying Annualised Volatility (F) = E*sqrt(365), Futures Close Price (G), Futures Previous Day Close Price (H), Futures Log Returns (I) = LN(G/H), Previous Day Futures Volatility (J), Current Day Futures Daily Volatility (K) = Sqrt (0.995*J*J + 0.005* I*I), Futures Annualised Volatility (L) = K*sqrt(365), Applicable Daily Volatility (M) = Max (E or K), Applicable Annualised Volatility (N) = Max (F or L)
02-Jul-26,360ONE,1070.3,1065.9,  0.00411947,  0.02085251,  0.02080242,  0.39742969,1075,1076, -0.00092980,  0.02093459,  0.02088236,  0.39895696,  0.02088236,  0.39895696
02-Jul-26,ABB,6861,6937, -0.01101620,  0.02016771,  0.02013239,  0.38462875,6832.5,6908, -0.01098952,  0.02015889,  0.02012342,  0.38445736,  0.02013239,  0.38462875
02-Jul-26,ABCAPITAL,392.95,393.15, -0.00050884,  0.02145701,  0.02140325,  0.40890860,395.25,394.5,  0.00189934,  0.02161223,  0.02155859,  0.41187619,  0.02155859,  0.41187619
02-Jul-26,ADANIENSOL,1556.9,1521.4,  0.02306570,  0.02809584,  0.02807300,  0.53633388,1563.6,1531.6,  0.02067791,  0.02826317,  0.02823037,  0.53934048,  0.02823037,  0.53934048
02-Jul-26,ADANIENT,3177.5,3143.6,  0.01072608,  0.02485640,  0.02480577,  0.47391350,3185.9,3154.6,  0.00987312,  0.02531391,  0.02526012,  0.48259383,  0.02526012,  0.48259383
02-Jul-26,ADANIGREEN,1555.2,1535,  0.01307377,  0.02952774,  0.02946838,  0.56299253,1565.4,1545.1,  0.01305275,  0.02969130,  0.02963130,  0.56610522,  0.02963130,  0.56610522
02-Jul-26,ADANIPORTS,1883.1,1848.2,  0.01870716,  0.02001315,  0.02000693,  0.38223181,1889.2,1859.6,  0.01579205,  0.01995581,  0.01993705,  0.38089672,  0.02000693,  0.38223181
02-Jul-26,ADANIPOWER,224.55,226.86, -0.01023469,  0.02683369,  0.02677636,  0.51156165,225.83,228.35, -0.01109704,  0.02686336,  0.02680760,  0.51215852,  0.02680760,  0.51215852
02-Jul-26,ALKEM,5500.5,5567.5, -0.01210712,  0.01465374,  0.01464204,  0.27973573,5534,5589, -0.00988950,  0.01465532,  0.01463541,  0.27960904,  0.01464204,  0.27973573
02-Jul-26,AMBER,7404,7450.5, -0.00626075,  0.02915416,  0.02908447,  0.55565795,7428.5,7495, -0.00891218,  0.02958989,  0.02952252,  0.56402700,  0.02952252,  0.56402700
02-Jul-26,AMBUJACEM,428.95,418.85,  0.02382750,  0.01872815,  0.01875700,  0.35835198,431.55,421.55,  0.02344498,  0.01898872,  0.01901356,  0.36325357,  0.01901356,  0.36325357
02-Jul-26,ANGELONE,346.15,340.4,  0.01675081,  0.02869523,  0.02864796,  0.54731859,348.65,341.35,  0.02116021,  0.02878348,  0.02875041,  0.54927589,  0.02875041,  0.54927589
02-Jul-26,APLAPOLLO,1788.3,1785.1,  0.00179101,  0.01807563,  0.01803087,  0.34447935,1794.3,1794.8, -0.00027862,  0.01788198,  0.01783736,  0.34078235,  0.01803087,  0.34447935
02-Jul-26,APOLLOHOSP,8696,8618.5,  0.00895209,  0.01263836,  0.01262268,  0.24115596,8766,8672.5,  0.01072350,  0.01238443,  0.01237651,  0.23645298,  0.01262268,  0.24115596
02-Jul-26,ASHOKLEY,164.73,162.32,  0.01473807,  0.02322004,  0.02318534,  0.44295539,165.21,163.2,  0.01224095,  0.02279556,  0.02275502,  0.43473408,  0.02318534,  0.44295539
02-Jul-26,ASIANPAINT,2744.4,2716.3,  0.01029181,  0.01493881,  0.01491924,  0.28503170,2750.2,2725.4,  0.00905843,  0.01488952,  0.01486613,  0.28401699,  0.01491924,  0.28503170
02-Jul-26,ASTRAL,1363.2,1362.1,  0.00080725,  0.01958195,  0.01953295,  0.37317642,1349.9,1353.3, -0.00251554,  0.01936488,  0.01931726,  0.36905579,  0.01953295,  0.37317642
02-Jul-26,AUBANK,1057,1051.4,  0.00531210,  0.01948439,  0.01943921,  0.37138559,1062.5,1053.9,  0.00812705,  0.01886104,  0.01882263,  0.35960591,  0.01943921,  0.37138559
02-Jul-26,AUROPHARMA,1561,1552.6,  0.00539570,  0.01742443,  0.01738498,  0.33213957,1570.1,1560.8,  0.00594080,  0.01747882,  0.01744015,  0.33319364,  0.01744015,  0.33319364
02-Jul-26,AXISBANK,1362.9,1368.7, -0.00424660,  0.01519713,  0.01516197,  0.28966908,1364.8,1371.1, -0.00460544,  0.01491181,  0.01487798,  0.28424338,  0.01516197,  0.28966908
02-Jul-26,BAJAJ-AUTO,9857,9842,  0.00152292,  0.01533242,  0.01529432,  0.29219756,9828,9842, -0.00142349,  0.01523066,  0.01519277,  0.29025748,  0.01529432,  0.29219756
02-Jul-26,BAJAJFINSV,1855.8,1797.6,  0.03186343,  0.01527115,  0.01539871,  0.29419199,1861.5,1808.8,  0.02871897,  0.01560300,  0.01569575,  0.29986693,  0.01569575,  0.29986693
02-Jul-26,BAJAJHLDNG,10858,10719,  0.01288427,  0.01930085,  0.01927401,  0.36822942,10923,10775,  0.01364202,  0.01938779,  0.01936340,  0.36993715,  0.01936340,  0.36993715
02-Jul-26,BAJFINANCE,1018.5,1014.9,  0.00354087,  0.01842908,  0.01838463,  0.35123782,1024.9,1017.9,  0.00685337,  0.01827933,  0.01823991,  0.34847293,  0.01838463,  0.35123782
02-Jul-26,BANDHANBNK,205.1,205.02,  0.00039013,  0.02418605,  0.02412563,  0.46091947,205.7,206.02, -0.00155445,  0.02430988,  0.02424927,  0.46328171,  0.02424927,  0.46328171
02-Jul-26,BANKBARODA,260.25,271.65, -0.04287177,  0.01859785,  0.01879735,  0.35912296,261.8,272.5, -0.04005776,  0.01878376,  0.01894964,  0.36203242,  0.01894964,  0.36203242
02-Jul-26,BANKEX,65509.69,65461.77,  0.00073176,  0.01123972,  0.01121165,  0.21419821,65817,65781.4,  0.00054104,  0.01138727,  0.01135883,  0.21701022,  0.01135883,  0.21701022
02-Jul-26,BANKINDIA,144.96,141.66,  0.02302802,  0.02147194,  0.02147990,  0.41037298,145.87,142.07,  0.02639592,  0.02166062,  0.02168681,  0.41432597,  0.02168681,  0.41432597
02-Jul-26,BANKNIFTY,58031.65,58033.05, -0.00002412,  0.01104484,  0.01101726,  0.21048449,58350.6,58309.8,  0.00069947,  0.01092707,  0.01089979,  0.20824022,  0.01101726,  0.21048449
02-Jul-26,BDL,1384.9,1379,  0.00426934,  0.02653865,  0.02647394,  0.50578396,1383.4,1369.4,  0.01017155,  0.02782443,  0.02776412,  0.53043275,  0.02776412,  0.53043275
02-Jul-26,BEL,415.05,416.25, -0.00288705,  0.01829015,  0.01824552,  0.34858018,417.05,418.05, -0.00239492,  0.01828749,  0.01824244,  0.34852128,  0.01824552,  0.34858018
02-Jul-26,BHARATFORG,2148.9,2108.8,  0.01883702,  0.01988631,  0.01988132,  0.37983205,2151.5,2111.1,  0.01895613,  0.02016158,  0.02015575,  0.38507505,  0.02015575,  0.38507505
02-Jul-26,BHARTIARTL,1875.2,1871,  0.00224227,  0.01311371,  0.01308187,  0.24992875,1880.4,1873.1,  0.00388971,  0.01261071,  0.01258215,  0.24038164,  0.01308187,  0.24992875
02-Jul-26,BHEL,401.95,413.95, -0.02941749,  0.02445293,  0.02448034,  0.46769630,403,414.95, -0.02922147,  0.02463170,  0.02465676,  0.47106676,  0.02465676,  0.47106676
02-Jul-26,BIOCON,418.6,418.2,  0.00095602,  0.01790695,  0.01786229,  0.34125850,421.05,420.3,  0.00178285,  0.01800290,  0.01795816,  0.34309010,  0.01795816,  0.34309010
02-Jul-26,BLUESTARCO,1599.1,1606.5, -0.00461693,  0.02149028,  0.02143892,  0.40959005,1598.6,1605.3, -0.00418241,  0.02170619,  0.02165391,  0.41369730,  0.02165391,  0.41369730
02-Jul-26,BOSCHLTD,41515,40785,  0.01774044,  0.01788438,  0.01788363,  0.34166635,41775,40935,  0.02031263,  0.01797716,  0.01798964,  0.34369157,  0.01798964,  0.34369157
02-Jul-26,BPCL,310.45,304.2,  0.02033748,  0.01973892,  0.01974208,  0.37717200,312,304.95,  0.02285536,  0.01983982,  0.01985608,  0.37934979,  0.01985608,  0.37934979
02-Jul-26,BRITANNIA,5374,5262,  0.02106133,  0.01290960,  0.01296320,  0.24766162,5388,5275.5,  0.02110080,  0.01302324,  0.01307586,  0.24981403,  0.01307586,  0.24981403
02-Jul-26,BSE,3834.7,3944.1, -0.02812959,  0.02890145,  0.02889758,  0.55208742,3832.4,3958.8, -0.03244971,  0.02886893,  0.02888802,  0.55190489,  0.02889758,  0.55208742
02-Jul-26,CAMS,798.15,792.2,  0.00748266,  0.02106023,  0.02101410,  0.40147377,799,793.1,  0.00741163,  0.02171257,  0.02166466,  0.41390273,  0.02166466,  0.41390273
02-Jul-26,CANBK,126.64,126.28,  0.00284675,  0.02008050,  0.02003133,  0.38269811,127.27,126.89,  0.00299024,  0.02024483,  0.02019518,  0.38582845,  0.02019518,  0.38582845
02-Jul-26,CDSL,1350.8,1332.4,  0.01371518,  0.02253439,  0.02249892,  0.42984132,1340.1,1327.5,  0.00944676,  0.02333099,  0.02328228,  0.44480731,  0.02328228,  0.44480731
02-Jul-26,CGPOWER,959.4,976.5, -0.01766666,  0.02191804,  0.02189883,  0.41837647,962.35,979.85, -0.01802129,  0.02189388,  0.02187618,  0.41794378,  0.02189883,  0.41837647
02-Jul-26,CHOLAFIN,1788.5,1803.3, -0.00824104,  0.02169467,  0.02164824,  0.41358904,1799,1813.7, -0.00813800,  0.02137103,  0.02132528,  0.40741889,  0.02164824,  0.41358904
02-Jul-26,CIPLA,1456,1456.7, -0.00048065,  0.01432956,  0.01429386,  0.27308383,1461.7,1461.6,  0.00006842,  0.01422592,  0.01419042,  0.27110766,  0.01429386,  0.27308383
02-Jul-26,COALINDIA,438.9,434.75,  0.00950044,  0.01562275,  0.01559811,  0.29800142,440.15,436.15,  0.00912936,  0.01576543,  0.01573925,  0.30069794,  0.01573925,  0.30069794
02-Jul-26,COCHINSHIP,1519.3,1504.5,  0.00978909,  0.02786507,  0.02780390,  0.53119276,1506.5,1474.9,  0.02119889,  0.02777820,  0.02774921,  0.53014797,  0.02780390,  0.53119276
02-Jul-26,COFORGE,1441.9,1370.7,  0.05064013,  0.02448719,  0.02468692,  0.47164294,1444.6,1373.1,  0.05076151,  0.02415520,  0.02436055,  0.46540762,  0.02468692,  0.47164294
02-Jul-26,COLPAL,2061.5,2071.8, -0.00498392,  0.01555101,  0.01551596,  0.29643202,2072.5,2084.9, -0.00596528,  0.01572200,  0.01568828,  0.29972410,  0.01568828,  0.29972410
02-Jul-26,CONCOR,477.45,480.25, -0.00584736,  0.01768836,  0.01764898,  0.33718332,480.2,482.85, -0.00550336,  0.01787053,  0.01783016,  0.34064474,  0.01783016,  0.34064474
02-Jul-26,CROMPTON,274.15,269.45,  0.01729256,  0.01862267,  0.01861615,  0.35566111,272.75,268.4,  0.01607722,  0.01881290,  0.01880034,  0.35917997,  0.01880034,  0.35917997
02-Jul-26,CUMMINSIND,5578.5,5663, -0.01503386,  0.01951329,  0.01949349,  0.37242264,5562.5,5643, -0.01436819,  0.01927959,  0.01925808,  0.36792514,  0.01949349,  0.37242264
02-Jul-26,DABUR,447,444.75,  0.00504627,  0.01487091,  0.01483784,  0.28347662,444.15,442.2,  0.00440007,  0.01489926,  0.01486529,  0.28400097,  0.01486529,  0.28400097
02-Jul-26,DALBHARAT,1747.9,1708.9,  0.02256518,  0.01794023,  0.01796627,  0.34324502,1756.2,1718,  0.02199156,  0.01816628,  0.01818731,  0.34746799,  0.01818731,  0.34746799
02-Jul-26,DELHIVERY,509.3,507.7,  0.00314651,  0.02061193,  0.02056150,  0.39282689,512.45,509.4,  0.00596958,  0.02069216,  0.02064479,  0.39441815,  0.02064479,  0.39441815
02-Jul-26,DIVISLAB,6682,6545.5,  0.02063955,  0.01487779,  0.01491218,  0.28489686,6698.5,6555.5,  0.02157923,  0.01472290,  0.01476498,  0.28208447,  0.01491218,  0.28489686
02-Jul-26,DIXON,12373,11956,  0.03428343,  0.02534890,  0.02540146,  0.48529412,12465,12018,  0.03651919,  0.02576887,  0.02583366,  0.49355142,  0.02583366,  0.49355142
02-Jul-26,DLF,658.2,648.7,  0.01453848,  0.01995425,  0.01993078,  0.38077701,656.55,649.85,  0.01025729,  0.01996494,  0.01992820,  0.38072768,  0.01993078,  0.38077701
02-Jul-26,DMART,4187,4328.7, -0.03328278,  0.01648246,  0.01660874,  0.31730960,4173,4319.1, -0.03441185,  0.01678749,  0.01692134,  0.32328176,  0.01692134,  0.32328176
02-Jul-26,DRREDDY,1345.7,1339.9,  0.00431934,  0.01448459,  0.01445145,  0.27609448,1341.2,1328.9,  0.00921320,  0.01444309,  0.01442156,  0.27552353,  0.01445145,  0.27609448
02-Jul-26,EICHERMOT,7250,7139,  0.01542876,  0.01758587,  0.01757566,  0.33578257,7295,7181.5,  0.01568091,  0.01742374,  0.01741555,  0.33272368,  0.01757566,  0.33578257
02-Jul-26,ETERNAL,279.7,279.7,  0.00000000,  0.02345259,  0.02339380,  0.44693793,280.55,280.55,  0.00000000,  0.02327831,  0.02322005,  0.44361838,  0.02339380,  0.44693793
02-Jul-26,EXIDEIND,419.35,390.35,  0.07166212,  0.01937485,  0.01997950,  0.38170780,419.9,390.4,  0.07284473,  0.01975145,  0.02036421,  0.38905775,  0.02036421,  0.38905775
02-Jul-26,FEDERALBNK,331,331.4, -0.00120773,  0.01602788,  0.01598790,  0.30544834,332.95,331.5,  0.00436452,  0.01580038,  0.01576379,  0.30116674,  0.01598790,  0.30544834
02-Jul-26,FINNIFTY,26862.4,26797.75,  0.00240961,  0.01123403,  0.01120705,  0.21411044,27013.6,26931.9,  0.00302899,  0.01100233,  0.01097682,  0.20971189,  0.01120705,  0.21411044
02-Jul-26,FOCIT,32707.23,31361.2,  0.04202469,  0.01529337,  0.01554191,  0.29692775,33102,32084,  0.03123624,  0.01515708,  0.01527972,  0.29191862,  0.01554191,  0.29692775
02-Jul-26,FORCEMOT,19367,18324,  0.05535891,  0.03289562,  0.03304591,  0.63134130,19455,18445,  0.05331078,  0.03332159,  0.03345129,  0.63908592,  0.03345129,  0.63908592
02-Jul-26,FORTIS,974.95,949.05,  0.02692470,  0.01753625,  0.01759566,  0.33616453,980.6,954.25,  0.02723894,  0.01728405,  0.01734809,  0.33143472,  0.01759566,  0.33616453
02-Jul-26,GAIL,174.29,174.5, -0.00120416,  0.01787856,  0.01783393,  0.34071675,175.17,175.13,  0.00022838,  0.01802253,  0.01797738,  0.34345737,  0.01797738,  0.34345737
02-Jul-26,GLENMARK,2196,2161.8,  0.01569632,  0.01892971,  0.01891481,  0.36136703,2205.3,2169.5,  0.01636683,  0.01884182,  0.01883014,  0.35974939,  0.01891481,  0.36136703
02-Jul-26,GMRAIRPORT,111.79,113.53, -0.01544501,  0.02063273,  0.02061005,  0.39375447,112.13,114.1, -0.01741634,  0.02092011,  0.02090403,  0.39937090,  0.02090403,  0.39937090
02-Jul-26,GODFRYPHLP,2171.3,2159.6,  0.00540305,  0.03433618,  0.03425232,  0.65438957,2172.8,2161.5,  0.00521423,  0.03440410,  0.03431993,  0.65568138,  0.03431993,  0.65568138
02-Jul-26,GODREJCP,1077.2,1043.6,  0.03168881,  0.01608761,  0.01620299,  0.30955767,1082.5,1049.6,  0.03086404,  0.01589018,  0.01600001,  0.30567984,  0.01620299,  0.30955767
02-Jul-26,GODREJPROP,1968.7,1959.5,  0.00468409,  0.02345443,  0.02339806,  0.44701928,1966,1958.8,  0.00366898,  0.02363252,  0.02357488,  0.45039739,  0.02357488,  0.45039739
02-Jul-26,GRASIM,3169.1,3140.4,  0.00909746,  0.01436127,  0.01433989,  0.27396330,3176.4,3146,  0.00961668,  0.01440665,  0.01438661,  0.27485587,  0.01438661,  0.27485587
02-Jul-26,GVT&D,4822.8,4895.6, -0.01498217,  0.02859645,  0.02854459,  0.54534360,4835.9,4924.4, -0.01813519,  0.02865997,  0.02861691,  0.54672528,  0.02861691,  0.54672528
02-Jul-26,HAL,4434,4434.3, -0.00006766,  0.01972652,  0.01967725,  0.37593341,4453.9,4459.4, -0.00123411,  0.01990690,  0.01985715,  0.37937023,  0.01985715,  0.37937023
02-Jul-26,HAVELLS,1186.7,1188.8, -0.00176805,  0.01578704,  0.01574800,  0.30086510,1190.1,1196, -0.00494532,  0.01606051,  0.01602412,  0.30614048,  0.01602412,  0.30614048
02-Jul-26,HCLTECH,1078,1034.3,  0.04138260,  0.01760218,  0.01780038,  0.34007571,1068.5,1019.7,  0.04674733,  0.01712166,  0.01739571,  0.33234462,  0.01780038,  0.34007571
02-Jul-26,HDFCAMC,2761,2745.8,  0.00552046,  0.02046800,  0.02042052,  0.39013351,2772.1,2754.6,  0.00633291,  0.02019654,  0.02015096,  0.38498347,  0.02042052,  0.39013351
02-Jul-26,HDFCBANK,795.95,796.15, -0.00025124,  0.01336034,  0.01332696,  0.25461118,800.25,801.3, -0.00131123,  0.01306454,  0.01303208,  0.24897760,  0.01332696,  0.25461118
02-Jul-26,HDFCLIFE,571.35,569.95,  0.00245334,  0.01454886,  0.01451350,  0.27728007,574.45,573.5,  0.00165512,  0.01429970,  0.01426434,  0.27251977,  0.01451350,  0.27728007
02-Jul-26,HEROMOTOCO,4867.1,4834.9,  0.00663783,  0.01677063,  0.01673511,  0.31972391,4815,4776.3,  0.00806986,  0.01683422,  0.01680175,  0.32099690,  0.01680175,  0.32099690
02-Jul-26,HINDALCO,949.2,939.7,  0.01005885,  0.01901917,  0.01898492,  0.36270642,947,940.55,  0.00683428,  0.01885822,  0.01881716,  0.35950127,  0.01898492,  0.36270642
02-Jul-26,HINDPETRO,399.55,392.1,  0.01882200,  0.02349628,  0.02347533,  0.44849548,402,394.3,  0.01934005,  0.02341433,  0.02339571,  0.44697433,  0.02347533,  0.44849548
02-Jul-26,HINDUNILVR,2210.6,2182,  0.01302208,  0.01295154,  0.01295180,  0.24744383,2223.8,2195.7,  0.01271654,  0.01273504,  0.01273490,  0.24329990,  0.01295180,  0.24744383
02-Jul-26,HINDZINC,528.7,524.4,  0.00816641,  0.02562026,  0.02556270,  0.48837463,530.5,527.6,  0.00548154,  0.02577182,  0.02571030,  0.49119450,  0.02571030,  0.49119450
02-Jul-26,HYUNDAI,1950.7,1918.3,  0.01674891,  0.01733490,  0.01733205,  0.33112845,1958.8,1919.1,  0.02047571,  0.01783666,  0.01785093,  0.34104144,  0.01785093,  0.34104144
02-Jul-26,ICICIBANK,1400,1379.8,  0.01453368,  0.01244619,  0.01245759,  0.23800195,1404.3,1386.9,  0.01246792,  0.01204203,  0.01204418,  0.23010367,  0.01245759,  0.23800195
02-Jul-26,ICICIGI,1761,1757.6,  0.00193259,  0.01446080,  0.01442509,  0.27559089,1769,1765.2,  0.00215042,  0.01441488,  0.01437964,  0.27472272,  0.01442509,  0.27559089
02-Jul-26,ICICIPRULI,495.95,492.95,  0.00606737,  0.01628434,  0.01624925,  0.31044151,498.7,494.9,  0.00764899,  0.01644586,  0.01641372,  0.31358367,  0.01641372,  0.31358367
02-Jul-26,IDEA,14.48,14.64, -0.01098912,  0.03192986,  0.03185948,  0.60867443,14.55,14.71, -0.01093654,  0.03214075,  0.03206966,  0.61268993,  0.03206966,  0.61268993
02-Jul-26,IDFCFIRSTB,79.52,78.93,  0.00744718,  0.02044531,  0.02040091,  0.38975890,79.86,79.17,  0.00867766,  0.02060177,  0.02055929,  0.39278466,  0.02055929,  0.39278466
02-Jul-26,IEX,123.5,123.86, -0.00291074,  0.02524717,  0.02518482,  0.48115535,124.28,124.66, -0.00305295,  0.02543444,  0.02537168,  0.48472523,  0.02537168,  0.48472523
02-Jul-26,INDHOTEL,720.7,718.8,  0.00263981,  0.01775769,  0.01771435,  0.33843215,723.7,723.25,  0.00062200,  0.01775400,  0.01770949,  0.33833928,  0.01771435,  0.33843215
02-Jul-26,INDIANB,815.1,820.95, -0.00715140,  0.02078408,  0.02073827,  0.39620408,820.15,826.05, -0.00716805,  0.02067926,  0.02063368,  0.39420591,  0.02073827,  0.39620408
02-Jul-26,INDIGO,5444,5399,  0.00830033,  0.02139375,  0.02134821,  0.40785696,5458.5,5424,  0.00634048,  0.02104218,  0.02099422,  0.40109396,  0.02134821,  0.40785696
02-Jul-26,INDUSINDBK,943.5,941.6,  0.00201581,  0.02190405,  0.02184975,  0.41743880,947.35,945.15,  0.00232497,  0.02185557,  0.02180158,  0.41651851,  0.02184975,  0.41743880
02-Jul-26,INDUSTOWER,383.75,388.85, -0.01320237,  0.01861255,  0.01858950,  0.35515182,386.05,391.55, -0.01414633,  0.01855594,  0.01853642,  0.35413787,  0.01858950,  0.35515182
02-Jul-26,INFY,1040.9,985.3,  0.05489484,  0.01840868,  0.01876840,  0.35856977,1043.6,988.3,  0.05444526,  0.01781646,  0.01818418,  0.34740821,  0.01876840,  0.35856977
02-Jul-26,INOXWIND,89.96,89.85,  0.00122351,  0.02824264,  0.02817214,  0.53822790,90.6,90.45,  0.00165700,  0.02849238,  0.02842138,  0.54298963,  0.02842138,  0.54298963
02-Jul-26,IOC,141.62,139.83,  0.01272002,  0.01792394,  0.01790175,  0.34201245,142.61,140.72,  0.01334153,  0.01812398,  0.01810325,  0.34586206,  0.01810325,  0.34586206
02-Jul-26,IREDA,128.58,127.93,  0.00506804,  0.02347312,  0.02341716,  0.44738425,127.05,125.64,  0.01116004,  0.02527902,  0.02522811,  0.48198238,  0.02522811,  0.48198238
02-Jul-26,IRFC,90.83,91.18, -0.00384595,  0.02201390,  0.02196044,  0.41955361,90.76,91.69, -0.01019466,  0.02299953,  0.02295332,  0.43852250,  0.02295332,  0.43852250
02-Jul-26,ITC,289.9,290.3, -0.00137884,  0.01246061,  0.01242993,  0.23747348,291.6,291.4,  0.00068611,  0.01236596,  0.01233522,  0.23566413,  0.01242993,  0.23747348
02-Jul-26,JINDALSTEL,1043.8,1028.8,  0.01447483,  0.01896067,  0.01894096,  0.36186658,1049.6,1035.3,  0.01371790,  0.01882121,  0.01879919,  0.35915810,  0.01894096,  0.36186658
02-Jul-26,JIOFIN,239.73,240.01, -0.00116730,  0.01873565,  0.01868881,  0.35704926,240.63,241.39, -0.00315340,  0.01933837,  0.01929119,  0.36855760,  0.01929119,  0.36855760
02-Jul-26,JSWENERGY,565.35,569.45, -0.00722597,  0.02195649,  0.02190755,  0.41854310,568.8,572.45, -0.00639652,  0.02210959,  0.02205879,  0.42143268,  0.02205879,  0.42143268
02-Jul-26,JSWSTEEL,1223.8,1216.2,  0.00622953,  0.01568421,  0.01565101,  0.29901211,1223.4,1214.9,  0.00697210,  0.01578342,  0.01575174,  0.30093665,  0.01575174,  0.30093665
02-Jul-26,JUBLFOOD,431.6,421.45,  0.02379809,  0.02004530,  0.02006571,  0.38335484,433.3,423.2,  0.02358545,  0.01983685,  0.01985734,  0.37937391,  0.02006571,  0.38335484
02-Jul-26,KALYANKJIL,388.1,381.05,  0.01833244,  0.02780295,  0.02776356,  0.53042211,390.4,383.65,  0.01744118,  0.02796395,  0.02792116,  0.53343298,  0.02792116,  0.53343298
02-Jul-26,KAYNES,3158.3,3152.1,  0.00196501,  0.03412687,  0.03404168,  0.65036542,3166,3162,  0.00126422,  0.03530080,  0.03521260,  0.67273579,  0.03521260,  0.67273579
02-Jul-26,KEI,5276.5,5247.5,  0.00551123,  0.02350044,  0.02344484,  0.44791304,5251.5,5219.5,  0.00611214,  0.02372866,  0.02367322,  0.45227631,  0.02367322,  0.45227631
02-Jul-26,KFINTECH,869.05,881.65, -0.01439449,  0.02501415,  0.02497233,  0.47709577,859.6,875.35, -0.01815664,  0.02588666,  0.02585378,  0.49393569,  0.02585378,  0.49393569
02-Jul-26,KOTAKBANK,399.35,400.45, -0.00275069,  0.01401065,  0.01397699,  0.26703008,400.4,401.75, -0.00336596,  0.01369009,  0.01365795,  0.26093473,  0.01397699,  0.26703008
02-Jul-26,KPITTECH,558.8,557.55,  0.00223944,  0.02661162,  0.02654551,  0.50715128,547.2,550.45, -0.00592176,  0.02648667,  0.02642362,  0.50482253,  0.02654551,  0.50715128
02-Jul-26,LAURUSLABS,1527.9,1493.3,  0.02290581,  0.02018762,  0.02020212,  0.38596097,1533.9,1500.8,  0.02181521,  0.01997145,  0.01998112,  0.38173879,  0.02020212,  0.38596097
02-Jul-26,LICHSGFIN,552.9,554.45, -0.00279948,  0.01764429,  0.01760121,  0.33627064,555.3,555.7, -0.00072007,  0.01783006,  0.01778547,  0.33979098,  0.01778547,  0.33979098
02-Jul-26,LICI,432.1,434.7, -0.00599910,  0.01672196,  0.01668538,  0.31877370,429.9,434.85, -0.01144852,  0.01732383,  0.01729956,  0.33050761,  0.01729956,  0.33050761
02-Jul-26,LODHA,1006.2,992.3,  0.01391066,  0.02477784,  0.02473536,  0.47256831,1008.5,995.35,  0.01312492,  0.02472997,  0.02468549,  0.47161564,  0.02473536,  0.47256831
02-Jul-26,LT,4059.7,4092.6, -0.00807139,  0.01688673,  0.01685408,  0.32199670,4080.5,4116.6, -0.00880805,  0.01682058,  0.01678997,  0.32077202,  0.01685408,  0.32199670
02-Jul-26,LTF,315.25,312.7,  0.00812171,  0.02198834,  0.02194088,  0.41917999,316.55,313,  0.01127802,  0.02194145,  0.02190111,  0.41842021,  0.02194088,  0.41917999
02-Jul-26,LTM,3680.7,3546.7,  0.03708536,  0.02015068,  0.02027058,  0.38726887,3693.8,3537.8,  0.04315067,  0.01978281,  0.01996780,  0.38148432,  0.02027058,  0.38726887
02-Jul-26,LUPIN,2399.6,2397.5,  0.00087553,  0.01444307,  0.01440697,  0.27524481,2397.1,2387.6,  0.00397100,  0.01461275,  0.01457879,  0.27852744,  0.01457879,  0.27852744
02-Jul-26,M&M,3175.2,3130,  0.01433762,  0.01842643,  0.01840816,  0.35168732,3162.6,3114.6,  0.01529374,  0.01805485,  0.01804216,  0.34469501,  0.01840816,  0.35168732
02-Jul-26,MANAPPURAM,323.1,316.65,  0.02016481,  0.02251414,  0.02250308,  0.42992076,324.15,318.5,  0.01758390,  0.02238758,  0.02236604,  0.42730269,  0.02250308,  0.42992076
02-Jul-26,MANKIND,2486.9,2490.3, -0.00136623,  0.01765662,  0.01761279,  0.33649197,2499.7,2504.8, -0.00203817,  0.01740109,  0.01735819,  0.33162776,  0.01761279,  0.33649197
02-Jul-26,MARICO,856,851,  0.00585825,  0.01241858,  0.01239437,  0.23679417,860.8,856.25,  0.00529980,  0.01212521,  0.01210063,  0.23118228,  0.01239437,  0.23679417
02-Jul-26,MARUTI,14348,14397, -0.00340929,  0.01537331,  0.01533677,  0.29300852,14405,14433, -0.00194188,  0.01524449,  0.01520680,  0.29052559,  0.01533677,  0.29300852
02-Jul-26,MAXHEALTH,1127.4,1139.9, -0.01102644,  0.01903241,  0.01900070,  0.36300795,1128.6,1138.2, -0.00847014,  0.01877856,  0.01874101,  0.35804655,  0.01900070,  0.36300795
02-Jul-26,MAZDOCK,2554.9,2535.7,  0.00754335,  0.02685127,  0.02678936,  0.51180992,2570.1,2545.8,  0.00949987,  0.02737487,  0.02731454,  0.52184364,  0.02731454,  0.52184364
02-Jul-26,MCX,2923.2,2962, -0.01318581,  0.02535648,  0.02531017,  0.48355007,2911.5,2954.6, -0.01469487,  0.02520184,  0.02516017,  0.48068433,  0.02531017,  0.48355007
02-Jul-26,MFSL,1618.3,1608.9,  0.00582550,  0.01709282,  0.01705488,  0.32583300,1622,1616.1,  0.00364412,  0.01700037,  0.01695970,  0.32401457,  0.01705488,  0.32583300
02-Jul-26,MIDCPNIFTY,14573.3,14536.1,  0.00255588,  0.01221592,  0.01218674,  0.23282725,14651,14605.3,  0.00312412,  0.01270586,  0.01267602,  0.24217511,  0.01267602,  0.24217511
02-Jul-26,MOTHERSON,147.59,147.51,  0.00054219,  0.02270774,  0.02265090,  0.43274484,148.25,148.1,  0.00101232,  0.02278861,  0.02273166,  0.43428782,  0.02273166,  0.43428782
02-Jul-26,MOTILALOFS,956.9,955.95,  0.00099328,  0.02738364,  0.02731512,  0.52185458,962.5,961,  0.00155966,  0.02752901,  0.02746039,  0.52462998,  0.02746039,  0.52462998
02-Jul-26,MPHASIS,2245.4,2126.8,  0.05426518,  0.01898899,  0.01932616,  0.36922586,2259.1,2132,  0.05790600,  0.01919086,  0.01957585,  0.37399617,  0.01957585,  0.37399617
02-Jul-26,MUTHOOTFIN,2952.7,2914.9,  0.01288449,  0.02299452,  0.02295509,  0.43855644,2968.3,2934.3,  0.01152047,  0.02313899,  0.02309538,  0.44123661,  0.02309538,  0.44123661
02-Jul-26,NAM-INDIA,1213.2,1196.4,  0.01394445,  0.02567207,  0.02562688,  0.48960084,1219.5,1195.3,  0.02004374,  0.02549990,  0.02547543,  0.48670742,  0.02562688,  0.48960084
02-Jul-26,NATIONALUM,332.25,334.65, -0.00719751,  0.02714169,  0.02707851,  0.51733420,334.35,336.45, -0.00626120,  0.02661030,  0.02654742,  0.50718773,  0.02707851,  0.51733420
02-Jul-26,NAUKRI,1026.15,993.55,  0.03228483,  0.01859256,  0.01868591,  0.35699377,1028.6,996.5,  0.03170479,  0.01892170,  0.01900699,  0.36312811,  0.01900699,  0.36312811
02-Jul-26,NBCC,103.06,104.44, -0.01330140,  0.02559119,  0.02554447,  0.48802647,103.35,105.13, -0.01707639,  0.02609244,  0.02605521,  0.49778407,  0.02605521,  0.49778407
02-Jul-26,NESTLEIND,1446.2,1453.8, -0.00524139,  0.01298989,  0.01296278,  0.24765356,1445.2,1448.8, -0.00248791,  0.01294012,  0.01290905,  0.24662715,  0.01296278,  0.24765356
02-Jul-26,NHPC,80.59,79.57,  0.01273743,  0.01835842,  0.01833456,  0.35028126,79.39,78.77,  0.00784020,  0.01833603,  0.01829853,  0.34959297,  0.01833456,  0.35028126
02-Jul-26,NIFTY,24175.7,24005.85,  0.00705045,  0.00889743,  0.00888891,  0.16982241,24265,24092.6,  0.00713024,  0.00897584,  0.00896780,  0.17132949,  0.00896780,  0.17132949
02-Jul-26,NIFTYNXT50,72418.55,72100.65,  0.00439942,  0.01185914,  0.01183358,  0.22608020,72614.8,72331.2,  0.00391319,  0.01169148,  0.01166547,  0.22286843,  0.01183358,  0.22608020
02-Jul-26,NMDC,85.57,84.32,  0.01471567,  0.01991159,  0.01988895,  0.37997789,85.95,84.84,  0.01299860,  0.02021698,  0.02018740,  0.38567976,  0.02018740,  0.38567976
02-Jul-26,NTPC,358.25,357.9,  0.00097745,  0.01406016,  0.01402520,  0.26795113,359.3,358.8,  0.00139256,  0.01379199,  0.01375786,  0.26284347,  0.01402520,  0.26795113
02-Jul-26,NUVAMA,1819.1,1788,  0.01724420,  0.02529686,  0.02526296,  0.48264818,1800,1779,  0.01173526,  0.02599630,  0.02594455,  0.49566988,  0.02594455,  0.49566988
02-Jul-26,NYKAA,314,308.65,  0.01718504,  0.01875065,  0.01874323,  0.35808891,314.95,309.85,  0.01632559,  0.01876023,  0.01874894,  0.35819806,  0.01874894,  0.35819806
02-Jul-26,OBEROIRLTY,1864.7,1804.6,  0.03276122,  0.01860759,  0.01870495,  0.35735764,1862.2,1816,  0.02512230,  0.01875877,  0.01879591,  0.35909534,  0.01879591,  0.35909534
02-Jul-26,OFSS,10986,10863,  0.01125922,  0.02165278,  0.02161318,  0.41291927,11042,10851,  0.01744894,  0.02148395,  0.02146566,  0.41010084,  0.02161318,  0.41291927
02-Jul-26,OIL,420.2,419.8,  0.00095238,  0.02254394,  0.02248763,  0.42962552,420.45,418.65,  0.00429032,  0.02247173,  0.02241756,  0.42828694,  0.02248763,  0.42962552
02-Jul-26,ONGC,235.96,234.99,  0.00411934,  0.01684059,  0.01680110,  0.32098447,236.45,235.33,  0.00474798,  0.01653485,  0.01649684,  0.31517168,  0.01680110,  0.32098447
02-Jul-26,PAGEIND,42885,43610, -0.01676437,  0.01574935,  0.01575452,  0.30098975,43095,43445, -0.00808879,  0.01507386,  0.01504696,  0.28747179,  0.01575452,  0.30098975
02-Jul-26,PATANJALI,413.5,413.2,  0.00072578,  0.01570628,  0.01566714,  0.29932023,415.4,413.7,  0.00410084,  0.01606190,  0.01602417,  0.30614143,  0.01602417,  0.30614143
02-Jul-26,PAYTM,1213.4,1203.7,  0.00802619,  0.02688297,  0.02682161,  0.51242610,1220.4,1211.8,  0.00707182,  0.02690443,  0.02684177,  0.51281136,  0.02684177,  0.51281136
02-Jul-26,PERSISTENT,4580.6,4330.1,  0.05623936,  0.02309897,  0.02338176,  0.44670783,4591.2,4310.7,  0.06304112,  0.02322507,  0.02359182,  0.45072107,  0.02359182,  0.45072107
02-Jul-26,PETRONET,275.2,279.1, -0.01407203,  0.01957676,  0.01955310,  0.37356152,276.95,280.9, -0.01416175,  0.01950325,  0.01948027,  0.37217001,  0.01955310,  0.37356152
02-Jul-26,PFC,430.05,430.75, -0.00162639,  0.02071899,  0.02066753,  0.39485262,431.25,432.65, -0.00324112,  0.02105614,  0.02100466,  0.40129346,  0.02100466,  0.40129346
02-Jul-26,PGEL,561.1,550.8,  0.01852738,  0.03286291,  0.03280681,  0.62677313,563.15,554.15,  0.01611061,  0.03375040,  0.03368519,  0.64355473,  0.03368519,  0.64355473
02-Jul-26,PHOENIXLTD,2012.5,2018.5, -0.00297693,  0.02013194,  0.02008277,  0.38368086,2020,2024.2, -0.00207705,  0.01998764,  0.01993826,  0.38091983,  0.02008277,  0.38368086
02-Jul-26,PIDILITIND,1605.4,1581.9,  0.01474629,  0.01335762,  0.01336507,  0.25533932,1604.1,1580.3,  0.01494815,  0.01339834,  0.01340670,  0.25613467,  0.01340670,  0.25613467
02-Jul-26,PIIND,2608.5,2575,  0.01292581,  0.01791146,  0.01788998,  0.34178753,2619.3,2585.2,  0.01310423,  0.01816496,  0.01814328,  0.34662695,  0.01814328,  0.34662695
02-Jul-26,PNB,106.91,107.54, -0.00587551,  0.01884864,  0.01880602,  0.35928844,107.52,107.96, -0.00408391,  0.01904321,  0.01899764,  0.36294934,  0.01899764,  0.36294934
02-Jul-26,PNBHOUSING,1054.8,1051.8,  0.00284819,  0.02356302,  0.02350499,  0.44906217,1062.6,1058.4,  0.00396040,  0.02370852,  0.02365075,  0.45184694,  0.02365075,  0.45184694
02-Jul-26,POLICYBZR,1682,1684.2, -0.00130711,  0.02292362,  0.02286637,  0.43686148,1688.8,1693.7, -0.00289727,  0.02292995,  0.02287341,  0.43699596,  0.02287341,  0.43699596
02-Jul-26,POLYCAB,9635,9713.5, -0.00811437,  0.02101196,  0.02096716,  0.40057699,9593,9686.5, -0.00969950,  0.02077218,  0.02073145,  0.39607379,  0.02096716,  0.40057699
02-Jul-26,POWERGRID,288.2,287.55,  0.00225793,  0.01447730,  0.01444187,  0.27591149,288.7,287.95,  0.00260123,  0.01405871,  0.01402482,  0.26794381,  0.01444187,  0.27591149
02-Jul-26,POWERINDIA,33775,34250, -0.01396568,  0.02939293,  0.02933591,  0.56046174,33880,34475, -0.01740955,  0.02914376,  0.02909688,  0.55589519,  0.02933591,  0.56046174
02-Jul-26,PREMIERENE,1050.1,1051.6, -0.00142742,  0.02326289,  0.02320484,  0.44332776,1053.6,1056.3, -0.00255936,  0.02360917,  0.02355071,  0.44993563,  0.02355071,  0.44993563
02-Jul-26,PRESTIGE,1674.1,1625.3,  0.02958329,  0.02311031,  0.02314725,  0.44222768,1674.8,1630.4,  0.02686837,  0.02321326,  0.02323306,  0.44386706,  0.02323306,  0.44386706
02-Jul-26,RADICO,3972.4,3952.4,  0.00504746,  0.02126179,  0.02121148,  0.40524485,3988.6,3963.8,  0.00623713,  0.02127718,  0.02122854,  0.40557069,  0.02122854,  0.40557069
02-Jul-26,RBLBANK,355.5,361.8, -0.01756632,  0.02207711,  0.02205688,  0.42139607,357.75,364.1, -0.01759414,  0.02188266,  0.02186329,  0.41769760,  0.02205688,  0.42139607
02-Jul-26,RECLTD,369.6,370.1, -0.00135190,  0.02105643,  0.02100386,  0.40127825,369.65,371.4, -0.00472304,  0.02128586,  0.02123526,  0.40569899,  0.02123526,  0.40569899
02-Jul-26,RELIANCE,1303.6,1308, -0.00336959,  0.01370861,  0.01367652,  0.26128949,1309.5,1312.7, -0.00244070,  0.01349298,  0.01346029,  0.25715853,  0.01367652,  0.26128949
02-Jul-26,RVNL,236.86,237.61, -0.00316142,  0.02632417,  0.02625919,  0.50168116,238.05,238.75, -0.00293624,  0.02851396,  0.02844342,  0.54341068,  0.02844342,  0.54341068
02-Jul-26,SAIL,168.09,168.27, -0.00107028,  0.02390187,  0.02384217,  0.45550408,169.24,169.13,  0.00065018,  0.02360245,  0.02354351,  0.44979807,  0.02384217,  0.45550408
02-Jul-26,SBICARD,604.55,596.15,  0.01399207,  0.01678772,  0.01677497,  0.32048542,606.15,597.15,  0.01495914,  0.01657692,  0.01656910,  0.31655213,  0.01677497,  0.32048542
02-Jul-26,SBILIFE,1784.4,1790.9, -0.00363606,  0.01364309,  0.01361123,  0.26004209,1795.3,1800.9, -0.00311440,  0.01343505,  0.01340321,  0.25606794,  0.01361123,  0.26004209
02-Jul-26,SBIN,1051.6,1047.4,  0.00400191,  0.01548639,  0.01545027,  0.29517705,1054.5,1050.9,  0.00341978,  0.01557183,  0.01553467,  0.29678952,  0.01553467,  0.29678952
02-Jul-26,SENSEX,77502.12,76922.64,  0.00750505,  0.00902547,  0.00901855,  0.17229925,77906.2,77400.05,  0.00651811,  0.00890832,  0.00889807,  0.16999737,  0.00901855,  0.17229925
02-Jul-26,SENSEX50,25314,25126.03,  0.00745324,  0.00889521,  0.00888832,  0.16981103,25432.75,25248.7,  0.00726304,  0.00890517,  0.00889760,  0.16998838,  0.00889760,  0.16998838
02-Jul-26,SHREECEM,26220,25920,  0.01150761,  0.01430587,  0.01429331,  0.27307338,26310,25915,  0.01512714,  0.01480261,  0.01480434,  0.28283656,  0.01480434,  0.28283656
02-Jul-26,SHRIRAMFIN,1066.7,1048.1,  0.01759077,  0.02315295,  0.02312849,  0.44186911,1063.9,1045.5,  0.01744616,  0.02287648,  0.02285247,  0.43659575,  0.02312849,  0.44186911
02-Jul-26,SIEMENS,3580.4,3560.7,  0.00551737,  0.02126734,  0.02121770,  0.40536355,3579.6,3557.7,  0.00613679,  0.02158675,  0.02153714,  0.41146646,  0.02153714,  0.41146646
02-Jul-26,SOLARINDS,18658,18610,  0.00257594,  0.02163963,  0.02158615,  0.41240280,18721,18702,  0.00101542,  0.02170913,  0.02165499,  0.41371805,  0.02165499,  0.41371805
02-Jul-26,SONACOMS,662.3,619.4,  0.06696736,  0.02044974,  0.02094092,  0.40007574,666,622.7,  0.06722481,  0.02081573,  0.02130069,  0.40694912,  0.02130069,  0.40694912
02-Jul-26,SRF,2799.4,2739.9,  0.02148369,  0.01875057,  0.01876512,  0.35850717,2808.1,2743.9,  0.02312783,  0.01844953,  0.01847600,  0.35298346,  0.01876512,  0.35850717
02-Jul-26,SUNPHARMA,1871.1,1866.2,  0.00262222,  0.01278197,  0.01275137,  0.24361461,1875.2,1871.6,  0.00192164,  0.01255384,  0.01252320,  0.23925534,  0.01275137,  0.24361461
02-Jul-26,SUPREMEIND,3275.5,3221.2,  0.01671657,  0.01944161,  0.01942903,  0.37119115,3285.4,3239.2,  0.01416202,  0.01931934,  0.01929706,  0.36866986,  0.01942903,  0.37119115
02-Jul-26,SUZLON,57.67,58.35, -0.01172225,  0.02402047,  0.02397461,  0.45803437,57.89,58.64, -0.01287240,  0.02415038,  0.02410710,  0.46056551,  0.02410710,  0.46056551
02-Jul-26,SWIGGY,249,246.98,  0.00814553,  0.02382783,  0.02377526,  0.45422567,250.58,248.13,  0.00982543,  0.02367657,  0.02362752,  0.45140317,  0.02377526,  0.45422567
02-Jul-26,SX40,45154.33,44865.52,  0.00641661,  0.00925598,  0.00924378,  0.17660222,45351,45069.45,  0.00622759,  0.00930416,  0.00929145,  0.17751293,  0.00929145,  0.17751293
02-Jul-26,TATACONSUM,1107.2,1090.9,  0.01483126,  0.01517909,  0.01517721,  0.28996027,1111.4,1095.4,  0.01450089,  0.01490791,  0.01490604,  0.28477956,  0.01517721,  0.28996027
02-Jul-26,TATAELXSI,3671.2,3587.8,  0.02297938,  0.02028240,  0.02029688,  0.38777136,3635.4,3536.7,  0.02752506,  0.02094255,  0.02098059,  0.40083363,  0.02098059,  0.40083363
02-Jul-26,TATAPOWER,376.4,375.45,  0.00252710,  0.01572843,  0.01568997,  0.29975638,378.75,377.6,  0.00304092,  0.01610955,  0.01607074,  0.30703103,  0.01607074,  0.30703103
02-Jul-26,TATASTEEL,187.65,185.17,  0.01330420,  0.01787233,  0.01785239,  0.34106948,188.1,185.87,  0.01192623,  0.01795979,  0.01793456,  0.34263928,  0.01793456,  0.34263928
02-Jul-26,TCS,2068,1982.6,  0.04217284,  0.01654087,  0.01676677,  0.32032879,2066.7,1980.1,  0.04280578,  0.01624267,  0.01648219,  0.31489179,  0.01676677,  0.32032879
02-Jul-26,TECHM,1421.3,1362.2,  0.04247091,  0.01783828,  0.01804516,  0.34475235,1414.6,1353.8,  0.04393135,  0.01763925,  0.01786712,  0.34135092,  0.01804516,  0.34475235
02-Jul-26,TIINDIA,3090.7,3097.1, -0.00206859,  0.02277931,  0.02272283,  0.43411901,3099.4,3114.3, -0.00479586,  0.02315802,  0.02310246,  0.44137183,  0.02310246,  0.44137183
02-Jul-26,TITAN,4481.2,4398.5,  0.01862729,  0.01547078,  0.01548832,  0.29590398,4491.6,4410.5,  0.01822092,  0.01539677,  0.01541216,  0.29444892,  0.01548832,  0.29590398
02-Jul-26,TMPV,345.95,347.8, -0.00533335,  0.02061453,  0.02056641,  0.39292081,348.1,349.9, -0.00515760,  0.02103327,  0.02098383,  0.40089546,  0.02098383,  0.40089546
02-Jul-26,TORNTPHARM,4661.4,4640.8,  0.00442907,  0.01360223,  0.01357177,  0.25928833,4690.4,4660.9,  0.00630930,  0.01311823,  0.01309307,  0.25014283,  0.01357177,  0.25928833
02-Jul-26,TRENT,3317.8,3290.3,  0.00832317,  0.02260224,  0.02255332,  0.43088050,3317.8,3280.9,  0.01118414,  0.02277657,  0.02273327,  0.43431852,  0.02273327,  0.43431852
02-Jul-26,TVSMOTOR,3626.8,3494,  0.03730351,  0.01768528,  0.01783715,  0.34077827,3638.9,3510.2,  0.03600842,  0.01737445,  0.01751695,  0.33466094,  0.01783715,  0.34077827
02-Jul-26,ULTRACEMCO,11536,11456,  0.00695897,  0.01513898,  0.01510914,  0.28865976,11601,11510,  0.00787508,  0.01481540,  0.01478893,  0.28254220,  0.01510914,  0.28865976
02-Jul-26,UNIONBANK,174.35,174.88, -0.00303525,  0.02215252,  0.02209802,  0.42218205,174.72,175.38, -0.00377036,  0.02217272,  0.02211884,  0.42257978,  0.02211884,  0.42257978
02-Jul-26,UNITDSPR,1373.4,1352.3,  0.01548257,  0.01572031,  0.01571919,  0.30031468,1369.8,1349.1,  0.01522704,  0.01564647,  0.01564434,  0.29888463,  0.01571919,  0.30031468
02-Jul-26,UNOMINDA,1121,1088.1,  0.02978809,  0.02222763,  0.02227187,  0.42550353,1125.4,1091.5,  0.03058563,  0.02222078,  0.02227035,  0.42547449,  0.02227187,  0.42550353
02-Jul-26,UPL,588.75,565.05,  0.04108742,  0.02070999,  0.02086136,  0.39855574,585.4,562.35,  0.04017094,  0.02100616,  0.02114526,  0.40397972,  0.02114526,  0.40397972
02-Jul-26,VBL,510.65,515.7, -0.00984078,  0.01949424,  0.01945801,  0.37174471,512.4,518.55, -0.01193089,  0.01932802,  0.01929803,  0.36868830,  0.01945801,  0.37174471
02-Jul-26,VEDL,276.1,275.55,  0.00199402,  0.02374936,  0.02369029,  0.45260231,276.9,275.55,  0.00488733,  0.02378862,  0.02373162,  0.45339202,  0.02373162,  0.45339202
02-Jul-26,VMM,121.45,116.76,  0.03938211,  0.01886154,  0.01901936,  0.36336431,122.11,117.54,  0.03814358,  0.01904192,  0.01918467,  0.36652268,  0.01918467,  0.36652268
02-Jul-26,VOLTAS,1290.6,1281.1,  0.00738814,  0.02068183,  0.02063672,  0.39426399,1298.6,1286.8,  0.00912824,  0.02067464,  0.02063297,  0.39419233,  0.02063672,  0.39426399
02-Jul-26,WAAREEENER,2879.6,2877.7,  0.00066003,  0.02624224,  0.02617650,  0.50010125,2888.6,2870.7,  0.00621605,  0.02648149,  0.02641887,  0.50473186,  0.02641887,  0.50473186
02-Jul-26,WIPRO,174,170.13,  0.02249245,  0.01707474,  0.01710619,  0.32681334,171.07,168,  0.01810885,  0.01662983,  0.01663751,  0.31785928,  0.01710619,  0.32681334
02-Jul-26,YESBANK,24.25,24.58, -0.01351649,  0.02029220,  0.02026387,  0.38714079,24.4,24.72, -0.01302950,  0.02040524,  0.02037491,  0.38926212,  0.02037491,  0.38926212
02-Jul-26,ZYDUSLIFE,1099.8,1109.2, -0.00851069,  0.01493740,  0.01491229,  0.28489897,1105,1114.6, -0.00865026,  0.01504041,  0.01501510,  0.28686299,  0.01501510,  0.28686299
